1713,4855,4859,,,,少儿
1713,4855,4858,,,,商务投资
1713,4855,4864,,,,英语学习与考试
1713,4855,4870,,,,文学
1713,4855,4857,,,,传记
1713,4855,4882,,,,励志
1713,3274i,,,,哲学
1713,3275i,,,,国学
1713,3280i,,,,文化
1713,3281i,,,,社会科学
1713,9278i,,,,烹饪美食
1713,9351i,,,,电子通信
1713,6929,6930,,,,艺术/设计/收藏
1713,3295,6954,,,,经济管理
1713,3296,6957,,,,文化/学术
1713,6929,9381,,,,少儿
1713,3296i,,,,套装书
9987,653,655,,,,手机
9987,653,659,,,,对讲机
9987,6880,6881,,,,合约机
9987,6880,12360,,,,选号中心
9987,6880,12428,,,,装宽带
9987,6880,1195,,,,办套餐
9987,830,13658,,,,移动电源
9987,830,860,,,,电池/移动电源
9987,830,863,,,,蓝牙耳机
9987,830,861,,,,充电器/数据线
9987,830,13659,,,,苹果周边
9987,830,862,,,,手机耳机
9987,830,867,,,,手机贴膜
9987,830,1099,,,,手机存储卡
9987,830,13660,,,,充电器
9987,830,13661,,,,数据线
9987,830,866,,,,手机保护套
9987,830,864,,,,车载配件
9987,830,5003,,,,iPhone 配件
9987,830,13657,,,,手机电池
9987,830,868,,,,创意配件
9987,830,11301,,,,便携/无线音响
9987,830,11302,,,,手机饰品
9987,830,12809,,,,拍照配件
9987,830,12811,,,,手机支架
737,794,798,,,,平板电视
737,794,870,,,,空调
737,794,878,,,,冰箱
737,794,880,,,,洗衣机
737,794,823,,,,家庭影院
737,794,965,,,,DVD/电视盒子
737,794,1199,,,,迷你音响
737,794,12392,,,,冷柜/冰吧
737,794,877,,,,家电配件
737,794,12524,,,,功放
737,794,12525,,,,回音壁/Soundbar
737,794,12526,,,,Hi-Fi专区
737,794,12527,,,,电视盒子
737,794,12401,,,,酒柜
737,13297,13298,,,,燃气灶
737,13297,1300,,,,油烟机
737,13297,1706,,,,热水器
737,13297,1301,,,,消毒柜
737,13297,13117,,,,洗碗机
737,752,755,,,,料理机
737,752,13116,,,,榨汁机
737,752,753,,,,电饭煲
737,752,881,,,,电压力锅
737,752,756,,,,豆浆机
737,752,761,,,,咖啡机
737,752,758,,,,微波炉
737,752,759,,,,电烤箱
737,752,757,,,,电磁炉
737,752,899,,,,面包机
737,752,902,,,,煮蛋器
737,752,762,,,,酸奶机
737,752,9249,,,,电炖锅
737,752,760,,,,电水壶/热水瓶
737,752,882,,,,电饼铛
737,752,754,,,,多用途锅
737,752,13118,,,,电烧烤炉
737,752,901,,,,果蔬解毒机
737,752,803,,,,其它厨房电器
737,752,12397,,,,养生壶/煎药壶
737,752,12398,,,,电热饭盒
737,738,747,,,,取暖电器
737,738,749,,,,净化器
737,738,748,,,,加湿器
737,738,12394,,,,扫地机器人
737,738,745,,,,吸尘器
737,738,1279,,,,挂烫机/熨斗
737,738,1052,,,,插座
737,738,806,,,,电话机
737,738,897,,,,清洁机
737,738,1283,,,,除湿机
737,738,12395,,,,干衣机
737,738,801,,,,收录/音机
737,738,751,,,,电风扇
737,738,1278,,,,冷风扇
737,738,825,,,,其它生活电器
737,738,12396,,,,生活电器配件
737,738,898,,,,净水器
737,738,750,,,,饮水机
737,1276,739,,,,剃须刀
737,1276,742,,,,剃/脱毛器
737,1276,741,,,,口腔护理
737,1276,740,,,,电吹风
737,1276,795,,,,美容器
737,1276,1287,,,,理发器
737,1276,12400,,,,卷/直发器
737,1276,1291,,,,按摩椅
737,1276,967,,,,按摩器
737,1276,963,,,,足浴盆
737,1276,966,,,,血压计
737,1276,1289,,,,电子秤/厨房秤
737,1276,1225,,,,血糖仪
737,1276,1292,,,,体温计
737,1276,1290,,,,其它健康电器
737,1276,968,,,,计步器/脂肪检测仪
737,1277,934,,,,电动工具
737,1277,3979,,,,手动工具
737,1277,6974,,,,仪器仪表
737,1277,900,,,,浴霸/排气扇
737,1277,1295,,,,灯具
737,1277,6975,,,,LED灯
737,1277,4934,,,,洁身器
737,1277,5004,,,,水槽
737,1277,5005,,,,龙头
737,1277,5006,,,,淋浴花洒
737,1277,1293,,,,厨卫五金
737,1277,4834,,,,家具五金
737,1277,1294,,,,门铃
737,1277,6976,,,,电气开关
737,1277,6977,,,,插座
737,1277,6978,,,,电工电料
737,1277,6979,,,,监控安防
737,1277,1299,,,,电线/线缆
652,654,831,,,,数码相机
652,654,5012,,,,单电/微单相机
652,654,832,,,,单反相机
652,654,833,,,,摄像机
652,654,7170,,,,拍立得
652,654,12342,,,,运动相机
652,654,834,,,,镜头
652,654,12343,,,,户外器材
652,654,12344,,,,影棚器材
652,654,12415,,,,冲印服务
652,654,844,,,,数码相框
652,829,845,,,,存储卡
652,829,846,,,,读卡器
652,829,835,,,,滤镜
652,829,836,,,,闪光灯/手柄
652,829,847,,,,相机包
652,829,848,,,,三脚架/云台
652,829,851,,,,相机清洁/贴膜
652,829,10971,,,,机身附件
652,829,10972,,,,镜头附件
652,829,854,,,,电池/充电器
652,829,1219,,,,移动电源
652,829,12810,,,,数码支架
652,12345,12347,,,,智能手环
652,12345,12348,,,,智能手表
652,12345,12349,,,,智能眼镜
652,12345,12350,,,,运动跟踪器
652,12345,12351,,,,健康监测
652,12345,12352,,,,智能配饰
652,12345,12353,,,,智能家居
652,12345,12354,,,,体感车
652,12345,12355,,,,其他配件
652,12345,12806,,,,智能机器人
652,12345,12807,,,,无人机
652,828,837,,,,MP3/MP4
652,828,843,,,,智能设备
652,828,842,,,,耳机/耳麦
652,828,13662,,,,便携/无线音箱
652,828,841,,,,音箱/音响
652,828,1261,,,,高清播放器
652,828,12808,,,,收音机
652,828,1274,,,,MP3/MP4配件
652,828,869,,,,麦克风
652,828,962,,,,专业音频
652,828,5270,,,,苹果配件
652,12346,12358,,,,学生平板
652,12346,12357,,,,点读机/笔
652,12346,12359,,,,早教益智
652,12346,840,,,,录音笔
652,12346,1203,,,,电纸书
652,12346,838,,,,电子词典
652,12346,12356,,,,复读机
652,981,982,,,,延保服务
652,981,1076,,,,杀毒软件
652,981,1117,,,,积分商品
1620,1621,11159,,,,桌布/罩件
1620,1621,11160,,,,地毯地垫
1620,1621,11161,,,,沙发垫套/椅垫
1620,1621,1626,,,,床品套件
1620,1621,1627,,,,被子
1620,1621,1628,,,,枕芯
1620,1621,1629,,,,床单被罩
1620,1621,1630,,,,毯子
1620,1621,1631,,,,床垫/床褥
1620,1621,1632,,,,蚊帐
1620,1621,1633,,,,抱枕靠垫
1620,1621,1634,,,,毛巾浴巾
1620,1621,2688,,,,电热毯
1620,1621,4952,,,,窗帘/窗纱
1620,1621,11962,,,,布艺软饰
1620,1621,11963,,,,凉席
1620,1623,1648,,,,台灯
1620,1623,1649,,,,节能灯
1620,1623,1650,,,,装饰灯
1620,1623,1653,,,,落地灯
1620,1623,1654,,,,应急灯/手电
1620,1623,4955,,,,LED灯
1620,1623,4954,,,,吸顶灯
1620,1623,4956,,,,五金电器
1620,1623,11971,,,,筒灯射灯
1620,1623,1651,,,,吊灯
1620,1623,6861,,,,氛围照明
1620,1624,11167,,,,保暖防护
1620,1624,1655,,,,收纳用品
1620,1624,1656,,,,雨伞雨具
1620,1624,1657,,,,浴室用品
1620,1624,1658,,,,缝纫/针织用品
1620,1624,1660,,,,洗晒/熨烫
1620,1624,1661,,,,净化除味
1620,11158,11162,,,,相框/照片墙
1620,11158,11163,,,,装饰字画
1620,11158,11164,,,,节庆饰品
1620,11158,11165,,,,手工/十字绣
1620,11158,11166,,,,装饰摆件
1620,11158,11964,,,,帘艺隔断
1620,11158,11965,,,,墙贴/装饰贴
1620,11158,11966,,,,钟饰
1620,11158,11967,,,,花瓶花艺
1620,11158,11968,,,,香薰蜡烛
1620,11158,11969,,,,创意家居
670,671,672,,,,笔记本
670,671,6864,,,,超极本
670,671,1105,,,,游戏本
670,671,2694,,,,平板电脑
670,671,5146,,,,平板电脑配件
670,671,673,,,,台式机
670,671,674,,,,服务器/工作站
670,671,675,,,,笔记本配件
670,671,12798,,,,一体机
670,677,678,,,,CPU
670,677,681,,,,主板
670,677,679,,,,显卡
670,677,683,,,,硬盘
670,677,11303,,,,SSD固态硬盘
670,677,680,,,,内存
670,677,687,,,,机箱
670,677,691,,,,电源
670,677,688,,,,显示器
670,677,684,,,,刻录机/光驱
670,677,682,,,,散热器
670,677,5008,,,,声卡/扩展卡
670,677,5009,,,,装机配件
670,677,11762,,,,组装电脑
670,686,693,,,,移动硬盘
670,686,694,,,,U盘
670,686,690,,,,鼠标
670,686,689,,,,键盘
670,686,826,,,,鼠标垫
670,686,692,,,,摄像头
670,686,698,,,,手写板
670,686,695,,,,硬盘盒
670,686,1047,,,,插座
670,686,1049,,,,线缆
670,686,1048,,,,UPS电源
670,686,1050,,,,电脑工具
670,686,696,,,,游戏设备
670,686,697,,,,电玩
670,686,1051,,,,电脑清洁
670,686,12799,,,,网络仪表仪器
670,12800,12801,,,,游戏机
670,12800,12802,,,,游戏耳机
670,12800,12803,,,,手柄/方向盘
670,12800,12804,,,,游戏软件
670,12800,12805,,,,游戏周边
670,699,700,,,,路由器
670,699,701,,,,网卡
670,699,702,,,,交换机
670,699,983,,,,网络存储
670,699,1098,,,,4G/3G上网
670,699,11304,,,,网络盒子
670,699,12370,,,,网络配件
670,716,722,,,,投影机
670,716,5010,,,,投影配件
670,716,720,,,,多功能一体机
670,716,717,,,,打印机
670,716,718,,,,传真设备
670,716,725,,,,验钞/点钞机
670,716,721,,,,扫描设备
670,716,719,,,,复合机
670,716,723,,,,碎纸机
670,716,724,,,,考勤机
670,716,7373,,,,收款/POS机
670,716,7375,,,,会议音频视频
670,716,2601,,,,保险柜
670,716,4839,,,,装订/封装机
670,716,7374,,,,安防监控
670,716,11221,,,,办公家具
670,716,727,,,,白板
670,729,730,,,,硒鼓/墨粉
670,729,731,,,,墨盒
670,729,733,,,,色带
670,729,736,,,,纸类
670,729,4837,,,,办公文具
670,729,1449,,,,学生文具
670,729,7372,,,,财会用品
670,729,4840,,,,文件管理
670,729,7371,,,,本册/便签
670,729,728,,,,计算器
670,729,2603,,,,笔类
670,729,12376,,,,画具画材
670,729,4838,,,,刻录碟片/附件
670,703,10011,,,,上门安装
670,703,10969,,,,延保服务
670,703,12429,,,,维修保养
670,703,5011,,,,电脑软件
670,703,1009,,,,京东服务
6196,6197,6199,,,,炒锅
6196,6197,6200,,,,煎锅
6196,6197,6201,,,,压力锅
6196,6197,6202,,,,蒸锅
6196,6197,6203,,,,汤锅
6196,6197,6204,,,,奶锅
6196,6197,6205,,,,锅具套装
6196,6197,6206,,,,煲类
6196,6197,6207,,,,水壶
6196,6197,11976,,,,火锅
6196,6198,6209,,,,菜刀
6196,6198,6210,,,,剪刀
6196,6198,6211,,,,刀具套装
6196,6198,6212,,,,砧板
6196,6198,11980,,,,瓜果刀/刨
6196,6198,11981,,,,多功能刀
6196,6214,6215,,,,保鲜盒
6196,6214,6216,,,,烘焙/烧烤
6196,6214,6218,,,,饭盒/提锅
6196,6214,11977,,,,储物/置物架
6196,6214,11978,,,,厨房DIY/小工具
6196,6219,6220,,,,塑料杯
6196,6219,6850,,,,运动水壶
6196,6219,6221,,,,玻璃杯
6196,6219,6222,,,,陶瓷/马克杯
6196,6219,6223,,,,保温杯
6196,6219,6224,,,,保温壶
6196,6219,6225,,,,酒杯/酒具
6196,6219,11979,,,,杯具套装
6196,6227,6228,,,,餐具套装
6196,6227,6230,,,,碗/碟/盘
6196,6227,6231,,,,筷勺/刀叉
6196,6227,6232,,,,一次性用品
6196,6227,11975,,,,果盘/果篮
6196,9182,9183,,,,自助餐炉
6196,9182,9184,,,,酒店餐具
6196,9182,9185,,,,酒店水具
6196,11143,11148,,,,整套茶具
6196,11143,11149,,,,茶杯
6196,11143,11150,,,,茶壶
6196,11143,11151,,,,茶盘茶托
6196,11143,11152,,,,茶叶罐
6196,11143,11153,,,,茶具配件
6196,11143,11154,,,,茶宠摆件
6196,11143,11155,,,,咖啡具
6196,11143,11156,,,,其他
1316,1625,1671,,,,纸品湿巾
1316,1625,1662,,,,衣物清洁
1316,1625,1667,,,,清洁工具
1316,1625,1669,,,,驱虫用品
1316,1625,1663,,,,家庭清洁
1316,1625,1670,,,,皮具护理
1316,1625,11970,,,,一次性用品
1316,1381,1389,,,,洁面
1316,1381,1391,,,,乳液面霜
1316,1381,1392,,,,面膜
1316,1381,1416,,,,剃须
1316,1381,1396,,,,套装
1316,1381,13546,,,,精华
1316,1381,13547,,,,眼霜
1316,1381,13544,,,,卸妆
1316,1381,13548,,,,防晒
1316,1381,5160,,,,防晒隔离
1316,1381,1395,,,,T区护理
1316,1381,1393,,,,眼部护理
1316,1381,5147,,,,精华露
1316,1381,1390,,,,爽肤水
1316,1383,1401,,,,沐浴
1316,1383,1404,,,,润肤
1316,1383,1394,,,,颈部
1316,1383,2562,,,,手足
1316,1383,5164,,,,纤体塑形
1316,1383,11928,,,,美胸
1316,1383,11929,,,,套装
1316,1383,13551,,,,精油
1316,1383,5148,,,,洗发护发
1316,1383,5149,,,,染发/造型
1316,1383,5163,,,,香薰精油
1316,1383,5162,,,,磨砂/浴盐
1316,1383,5161,,,,手工/香皂
1316,1383,1397,,,,洗发
1316,1383,1398,,,,护发
1316,1383,1400,,,,染发
1316,1383,1403,,,,磨砂膏
1316,1383,1402,,,,香皂
1316,1384,1405,,,,牙膏/牙粉
1316,1384,1406,,,,牙刷/牙线
1316,1384,1407,,,,漱口水
1316,1384,11930,,,,套装
1316,1385,1408,,,,卫生巾
1316,1385,1409,,,,卫生护垫
1316,1385,1410,,,,私密护理
1316,1385,5150,,,,脱毛膏
1316,1385,1411,,,,其他
1316,1386,11922,,,,洗发
1316,1386,11923,,,,护发
1316,1386,11924,,,,染发
1316,1386,11925,,,,造型
1316,1386,4699,,,,假发
1316,1386,6739,,,,套装
1316,1386,13550,,,,美发工具
1316,1386,1412,,,,脸部护理
1316,1387,11932,,,,香水
1316,1387,1420,,,,底妆
1316,1387,1421,,,,腮红
1316,1387,1422,,,,眼影
1316,1387,1425,,,,唇部
1316,1387,1428,,,,美甲
1316,1387,13549,,,,眼线
1316,1387,1429,,,,美妆工具
1316,1387,1426,,,,套装
1316,1387,1419,,,,防晒隔离
1316,1387,1427,,,,卸妆
1316,1387,1423,,,,眉笔
1316,1387,1424,,,,睫毛膏
1315,1343,1355,,,,T恤
1315,1343,1354,,,,衬衫
1315,1343,1356,,,,针织衫
1315,1343,9713,,,,雪纺衫
1315,1343,9710,,,,卫衣
1315,1343,9714,,,,马甲
1315,1343,9719,,,,连衣裙
1315,1343,9720,,,,半身裙
1315,1343,9715,,,,牛仔裤
1315,1343,9717,,,,休闲裤
1315,1343,9716,,,,打底裤
1315,1343,9718,,,,正装裤
1315,1343,9711,,,,小西装
1315,1343,9712,,,,短外套
1315,1343,9708,,,,风衣
1315,1343,9706,,,,毛呢大衣
1315,1343,9707,,,,真皮皮衣
1315,1343,9705,,,,棉服
1315,1343,3983,,,,羽绒服
1315,1343,9722,,,,大码女装
1315,1343,9721,,,,中老年女装
1315,1343,9723,,,,婚纱
1315,1343,11985,,,,打底衫
1315,1343,11986,,,,旗袍/唐装
1315,1343,11987,,,,加绒裤
1315,1343,11988,,,,吊带/背心
1315,1343,11989,,,,羊绒衫
1315,1343,11991,,,,短裤
1315,1343,11993,,,,皮草
1315,1343,11996,,,,礼服
1315,1343,11998,,,,仿皮皮衣
1315,1343,11999,,,,羊毛衫
1315,1343,12000,,,,设计师/潮牌
1315,1342,1348,,,,衬衫
1315,1342,1349,,,,T恤
1315,1342,9733,,,,POLO衫
1315,1342,1350,,,,针织衫
1315,1342,9726,,,,羊绒衫
1315,1342,9732,,,,卫衣
1315,1342,9734,,,,马甲/背心
1315,1342,9730,,,,夹克
1315,1342,9728,,,,风衣
1315,1342,9729,,,,毛呢大衣
1315,1342,9725,,,,仿皮皮衣
1315,1342,9731,,,,西服
1315,1342,9724,,,,棉服
1315,1342,3982,,,,羽绒服
1315,1342,9735,,,,牛仔裤
1315,1342,9736,,,,休闲裤
1315,1342,9737,,,,西裤
1315,1342,9738,,,,西服套装
1315,1342,9739,,,,大码男装
1315,1342,9740,,,,中老年男装
1315,1342,9741,,,,唐装/中山装
1315,1342,9742,,,,工装
1315,1342,12001,,,,真皮皮衣
1315,1342,12002,,,,加绒裤
1315,1342,12003,,,,卫裤/运动裤
1315,1342,12004,,,,短裤
1315,1342,12005,,,,设计师/潮牌
1315,1342,12089,,,,羊毛衫
1315,1345,1364,,,,文胸
1315,1345,9743,,,,女式内裤
1315,1345,9744,,,,男式内裤
1315,1345,1371,,,,睡衣/家居服
1315,1345,9747,,,,塑身美体
1315,1345,9753,,,,泳衣
1315,1345,1365,,,,吊带/背心
1315,1345,9751,,,,抹胸
1315,1345,9748,,,,连裤袜/丝袜
1315,1345,9749,,,,美腿袜
1315,1345,9745,,,,商务男袜
1315,1345,1369,,,,保暖内衣
1315,1345,12006,,,,情侣睡衣
1315,1345,12008,,,,文胸套装
1315,1345,12009,,,,少女文胸
1315,1345,12010,,,,休闲棉袜 
1315,1345,12011,,,,大码内衣
1315,1345,12012,,,,内衣配件
1315,1345,12013,,,,打底裤袜
1315,1345,12014,,,,打底衫
1315,1345,12015,,,,秋衣秋裤
1315,1345,1368,,,,情趣内衣
1315,13529,13530,,,,服装洗护
1315,1346,9790,,,,太阳镜
1315,1346,9789,,,,光学镜架/镜片
1315,1346,1376,,,,围巾/手套/帽子套装
1315,1346,1378,,,,袖扣
1315,1346,9792,,,,棒球帽
1315,1346,9793,,,,毛线帽
1315,1346,9794,,,,遮阳帽
1315,1346,12017,,,,老花镜
1315,1346,12018,,,,装饰眼镜
1315,1346,12019,,,,防辐射眼镜
1315,1346,12020,,,,游泳镜
1315,1346,12021,,,,女士丝巾/围巾/披肩
1315,1346,12022,,,,男士丝巾/围巾
1315,1346,12023,,,,鸭舌帽
1315,1346,12024,,,,贝雷帽
1315,1346,12025,,,,礼帽
1315,1346,12026,,,,真皮手套
1315,1346,12027,,,,毛线手套
1315,1346,12028,,,,防晒手套
1315,1346,12029,,,,男士腰带/礼盒
1315,1346,12030,,,,女士腰带/礼盒
1315,1346,12033,,,,钥匙扣
1315,1346,12034,,,,遮阳伞/雨伞
1315,1346,12035,,,,口罩
1315,1346,12036,,,,耳罩/耳包
1315,1346,12037,,,,假领
1315,1346,12038,,,,毛线/布面料
1315,1346,12039,,,,领带/领结/领带夹
5025,5026,12091,,,,男表
5025,5026,13673,,,,瑞表
5025,5026,12092,,,,女表
5025,5026,13674,,,,国表
5025,5026,13669,,,,日韩表
5025,5026,13668,,,,欧美表
5025,5026,13672,,,,德表
5025,5026,12093,,,,儿童手表
5025,5026,12417,,,,智能手表
5025,5026,13670,,,,闹钟
5025,5026,12094,,,,座钟挂钟
5025,5026,13671,,,,钟表配件
11729,11730,6907,,,,商务休闲鞋
11729,11730,6906,,,,正装鞋
11729,11730,6908,,,,休闲鞋
11729,11730,6909,,,,凉鞋/沙滩鞋
11729,11730,6912,,,,男靴
11729,11730,9781,,,,功能鞋
11729,11730,6911,,,,拖鞋/人字拖
11729,11730,9782,,,,雨鞋/雨靴
11729,11730,6910,,,,传统布鞋
11729,11730,6913,,,,鞋配件
11729,11730,9783,,,,帆布鞋
11729,11730,12066,,,,增高鞋
11729,11730,12067,,,,工装鞋
11729,11730,12068,,,,定制鞋
11729,11731,9772,,,,高跟鞋
11729,11731,6914,,,,单鞋
11729,11731,6916,,,,休闲鞋
11729,11731,6917,,,,凉鞋
11729,11731,9776,,,,女靴
11729,11731,6920,,,,雪地靴
11729,11731,9775,,,,拖鞋/人字拖
11729,11731,9769,,,,踝靴
11729,11731,9770,,,,筒靴
11729,11731,9774,,,,帆布鞋
11729,11731,9777,,,,雨鞋/雨靴
11729,11731,9778,,,,妈妈鞋
11729,11731,9779,,,,鞋配件
11729,11731,9780,,,,特色鞋
11729,11731,6915,,,,鱼嘴鞋
11729,11731,6918,,,,布鞋/绣花鞋
11729,11731,12060,,,,马丁靴
11729,11731,12061,,,,坡跟鞋
11729,11731,12062,,,,松糕鞋
11729,11731,12063,,,,内增高
11729,11731,12064,,,,防水台
1319,1523,7052,,,,婴幼奶粉
1319,1523,7054,,,,孕妈奶粉
1319,1524,1537,,,,益生菌/初乳
1319,1524,1533,,,,米粉/菜粉
1319,1524,1534,,,,果泥/果汁
1319,1524,7055,,,,DHA
1319,1524,12191,,,,宝宝零食
1319,1524,1538,,,,钙铁锌/维生素
1319,1524,1539,,,,清火/开胃
1319,1524,9399,,,,面条/粥
1319,1525,7057,,,,婴儿尿裤
1319,1525,1546,,,,拉拉裤
1319,1525,1548,,,,婴儿湿巾
1319,1525,7058,,,,成人尿裤
1319,1526,7060,,,,奶瓶奶嘴
1319,1526,1550,,,,吸奶器
1319,1526,1551,,,,暖奶消毒
1319,1526,1552,,,,儿童餐具
1319,1526,7061,,,,水壶/水杯
1319,1526,1553,,,,牙胶安抚
1319,1526,13286,,,,围兜/防溅衣
1319,1526,12197,,,,辅食料理机
1319,1526,13287,,,,食物存储
1319,1527,1556,,,,宝宝护肤
1319,1527,1555,,,,洗发沐浴
1319,1527,1558,,,,奶瓶清洗
1319,1527,1560,,,,驱蚊防晒
1319,1527,12341,,,,理发器
1319,1527,13288,,,,洗澡用具
1319,1527,13289,,,,婴儿口腔清洁
1319,1527,1557,,,,洗衣液/皂
1319,1527,1559,,,,日常护理
1319,1527,1562,,,,座便器
1319,1528,1563,,,,婴儿推车
1319,1528,1565,,,,餐椅摇椅
1319,1528,1564,,,,婴儿床
1319,1528,1568,,,,学步车
1319,1528,1569,,,,三轮车
1319,1528,1566,,,,自行车
1319,1528,1567,,,,电动车
1319,1528,4702,,,,扭扭车
1319,1528,12192,,,,滑板车
1319,1528,13293,,,,婴儿床垫
1319,6313,6314,,,,婴儿外出服
1319,6313,11234,,,,婴儿内衣
1319,6313,11235,,,,婴儿礼盒
1319,6313,6315,,,,婴儿鞋帽袜
1319,6313,6317,,,,安全防护
1319,6313,6316,,,,家居床品
1319,6313,13290,,,,睡袋/抱被
1319,6313,13291,,,,爬行垫
1319,4997,5002,,,,妈咪包/背婴带
1319,4997,5001,,,,产后塑身
1319,4997,7062,,,,文胸/内裤
1319,4997,4999,,,,防辐射服
1319,4997,4998,,,,孕妈装
1319,4997,6319,,,,孕期营养
1319,4997,5000,,,,孕妇护肤
1319,4997,12198,,,,待产护理
1319,4997,12199,,,,月子装
1319,4997,13292,,,,防溢乳垫
1319,11842,11222,,,,套装
1319,11842,11223,,,,上衣
1319,11842,11224,,,,裤子
1319,11842,11225,,,,裙子
1319,11842,11227,,,,内衣/家居服
1319,11842,11226,,,,羽绒服/棉服
1319,11842,4937,,,,亲子装
1319,11842,3977,,,,儿童配饰
1319,11842,11228,,,,礼服/演出服
1319,11842,11229,,,,运动鞋
1319,11842,11230,,,,皮鞋/帆布鞋
1319,11842,11231,,,,靴子
1319,11842,11232,,,,凉鞋
1319,11842,11233,,,,功能鞋
1319,11842,11843,,,,户外/运动服
1319,12193,12194,,,,提篮式
1319,12193,12195,,,,安全座椅
1319,12193,12196,,,,增高垫
1672,2575,2580,,,,钱包
1672,2575,5256,,,,手拿包
1672,2575,5257,,,,单肩包
1672,2575,5258,,,,双肩包
1672,2575,5259,,,,手提包
1672,2575,5260,,,,斜挎包
1672,2575,12069,,,,钥匙包
1672,2575,12070,,,,卡包/零钱包
1672,2576,2584,,,,男士钱包
1672,2576,5262,,,,男士手包
1672,2576,13542,,,,卡包名片夹
1672,2576,1455,,,,商务公文包
1672,2576,12071,,,,双肩包
1672,2576,12072,,,,单肩/斜挎包
1672,2576,12073,,,,钥匙包
1672,2577,3997,,,,电脑包
1672,2577,2589,,,,拉杆箱
1672,2577,2588,,,,旅行包
1672,2577,4000,,,,旅行配件
1672,2577,3998,,,,休闲运动包
1672,2577,13543,,,,拉杆包
1672,2577,2587,,,,登山包
1672,2577,5271,,,,妈咪包
1672,2577,5265,,,,书包
1672,2577,12074,,,,相机包
1672,2577,12076,,,,腰包/胸包
1672,2599,1440,,,,火机烟具
1672,2599,1442,,,,礼品文具
1672,2599,1443,,,,军刀军具
1672,2599,1444,,,,收藏品
1672,2599,1445,,,,工艺礼品
1672,2599,5266,,,,创意礼品
1672,2599,1446,,,,礼盒礼券
1672,2599,4698,,,,鲜花绿植
1672,2599,4942,,,,婚庆节庆
1672,2599,6980,,,,京东卡
1672,2599,12078,,,,美妆礼品
1672,2599,12079,,,,礼品定制
1672,2599,13104,,,,京东福卡
1672,2599,12080,,,,古董文玩
1672,2615,9186,,,,箱包
1672,2615,9187,,,,钱包
1672,2615,9188,,,,服饰
1672,2615,9189,,,,腰带
1672,2615,9190,,,,太阳镜/眼镜框
1672,2615,9191,,,,配件
1672,2615,11934,,,,鞋靴
1672,2615,11935,,,,饰品
1672,2615,11936,,,,名品腕表
1672,2615,11937,,,,高档化妆品
1672,12059,7066,,,,婚嫁首饰
1672,12059,7067,,,,婚纱摄影
1672,12059,7068,,,,婚纱礼服
1672,12059,7069,,,,婚庆服务
1672,12059,7070,,,,婚庆礼品/用品
1672,12059,7071,,,,婚宴
1320,5019,5020,,,,饼干蛋糕
1320,5019,5021,,,,糖果/巧克力
1320,5019,5022,,,,休闲零食
1320,5019,5023,,,,冲调饮品
1320,5019,5024,,,,粮油调味
1320,5019,12215,,,,牛奶
1320,1581,12217,,,,其他特产
1320,1581,1589,,,,新疆
1320,1581,2644,,,,北京
1320,1581,2647,,,,山西
1320,1581,2648,,,,内蒙古
1320,1581,2653,,,,福建
1320,1581,2656,,,,湖南
1320,1581,2669,,,,四川
1320,1581,2670,,,,云南
1320,1581,4693,,,,东北
1320,1583,1590,,,,休闲零食
1320,1583,1591,,,,坚果炒货
1320,1583,1592,,,,肉干肉脯
1320,1583,1593,,,,蜜饯果干
1320,1583,1594,,,,糖果/巧克力
1320,1583,1595,,,,饼干蛋糕
1320,1583,7121,,,,无糖食品
1320,1584,2675,,,,米面杂粮
1320,1584,2676,,,,食用油
1320,1584,2677,,,,调味品
1320,1584,2678,,,,南北干货
1320,1584,2679,,,,方便食品
1320,1584,2680,,,,有机食品
1320,1585,10975,,,,饮用水
1320,1585,1602,,,,饮料
1320,1585,9434,,,,牛奶乳品
1320,1585,3986,,,,咖啡/奶茶
1320,1585,1601,,,,冲饮谷物
1320,1585,12200,,,,蜂蜜/柚子茶
1320,1585,12201,,,,成人奶粉
1320,2641,2642,,,,月饼
1320,2641,2643,,,,大闸蟹
1320,2641,4935,,,,粽子
1320,2641,12216,,,,卡券
1320,12202,12203,,,,铁观音
1320,12202,12204,,,,普洱
1320,12202,12205,,,,龙井
1320,12202,12206,,,,绿茶
1320,12202,12207,,,,红茶
1320,12202,12208,,,,乌龙茶
1320,12202,12209,,,,花草茶
1320,12202,12210,,,,花果茶
1320,12202,12211,,,,养生茶
1320,12202,12212,,,,黑茶
1320,12202,12213,,,,白茶
1320,12202,12214,,,,其它茶
6144,6182,6188,,,,项链
6144,6182,6189,,,,手链/脚链
6144,6182,6190,,,,戒指
6144,6182,6191,,,,耳饰
6144,6182,13069,,,,毛衣链
6144,6182,6192,,,,发饰/发卡
6144,6182,6193,,,,胸针
6144,6182,6195,,,,饰品配件
6144,6182,6194,,,,婚庆饰品
6144,6145,6147,,,,黄金吊坠
6144,6145,13101,,,,黄金项链
6144,6145,13065,,,,黄金转运珠
6144,6145,6148,,,,黄金手镯/手链/脚链
6144,6145,6150,,,,黄金耳饰
6144,6145,6149,,,,黄金戒指
6144,13062,13063,,,,K金吊坠
6144,13062,13064,,,,K金项链
6144,13062,13066,,,,K金手镯/手链/脚链
6144,13062,13067,,,,K金戒指
6144,13062,13068,,,,K金耳饰
6144,6146,6151,,,,投资金
6144,6146,6152,,,,投资银
6144,6146,13531,,,,投资收藏
6144,6155,6156,,,,银吊坠/项链
6144,6155,6157,,,,银手镯/手链/脚链
6144,6155,6158,,,,银戒指
6144,6155,13070,,,,银耳饰
6144,6155,11238,,,,足银手镯
6144,6155,6159,,,,宝宝银饰
6144,6160,6161,,,,裸钻
6144,6160,6162,,,,钻戒
6144,6160,6163,,,,钻石项链/吊坠
6144,6160,6164,,,,钻石耳饰
6144,6160,6165,,,,钻石手镯/手链
6144,6167,6168,,,,项链/吊坠
6144,6167,6169,,,,手镯/手串
6144,6167,6170,,,,戒指
6144,6167,6173,,,,耳饰
6144,6167,6175,,,,挂件/摆件/把件
6144,6167,6177,,,,玉石孤品
6144,6172,6176,,,,项链/吊坠
6144,6172,6178,,,,耳饰
6144,6172,6180,,,,手镯/手链/脚链
6144,6172,6183,,,,戒指
6144,6172,6185,,,,头饰/胸针
6144,6172,6187,,,,摆件/挂件
6144,6174,13071,,,,琥珀/蜜蜡
6144,6174,13072,,,,碧玺
6144,6174,13073,,,,红宝石/蓝宝石
6144,6174,13074,,,,坦桑石
6144,6174,13075,,,,珊瑚
6144,6174,13076,,,,祖母绿
6144,6174,13078,,,,葡萄石
6144,6174,13077,,,,其他天然宝石
6144,6174,6179,,,,项链/吊坠
6144,6174,6181,,,,耳饰
6144,6174,6184,,,,手镯/手链
6144,6174,6186,,,,戒指
6144,12040,12043,,,,铂金项链/吊坠
6144,12040,12044,,,,铂金手镯/手链/脚链
6144,12040,12045,,,,铂金戒指
6144,12040,12046,,,,铂金耳饰
6144,12041,12047,,,,小叶紫檀
6144,12041,12048,,,,黄花梨
6144,12041,12049,,,,沉香木
6144,12041,12050,,,,金丝楠
6144,12041,12051,,,,菩提
6144,12041,12052,,,,其他
6144,12041,13080,,,,橄榄核/核桃
6144,12041,13081,,,,檀香
6144,12042,12053,,,,珍珠项链
6144,12042,12054,,,,珍珠吊坠
6144,12042,12055,,,,珍珠耳饰
6144,12042,12056,,,,珍珠手链
6144,12042,12057,,,,珍珠戒指
6144,12042,12058,,,,珍珠胸针
6728,6742,11849,,,,机油
6728,6742,13244,,,,正时皮带
6728,6742,11850,,,,添加剂
6728,6742,13245,,,,汽车喇叭
6728,6742,6756,,,,防冻液
6728,6742,13246,,,,汽车玻璃
6728,6742,11852,,,,滤清器
6728,6742,6767,,,,火花塞
6728,6742,13243,,,,减震器
6728,6742,13295,,,,柴机油/辅助油
6728,6742,6766,,,,雨刷
6728,6742,6768,,,,车灯
6728,6742,9988,,,,后视镜
6728,6742,9248,,,,轮胎
6728,6742,11951,,,,轮毂
6728,6742,11859,,,,刹车片/盘
6728,6742,6769,,,,维修配件
6728,6742,9971,,,,蓄电池
6728,6742,9964,,,,底盘装甲/护板
6728,6742,6770,,,,贴膜
6728,6742,6795,,,,汽修工具
6728,6742,12406,,,,改装配件
6728,6740,11867,,,,导航仪
6728,6740,9959,,,,安全预警仪
6728,6740,6964,,,,行车记录仪
6728,6740,9961,,,,倒车雷达
6728,6740,9962,,,,蓝牙设备
6728,6740,6965,,,,车载影音
6728,6740,6807,,,,净化器
6728,6740,6749,,,,电源
6728,6740,12408,,,,智能驾驶
6728,6740,12409,,,,车载电台
6728,6740,13247,,,,车载电器配件
6728,6740,6752,,,,吸尘器
6728,6740,13248,,,,智能车机
6728,6740,6753,,,,冰箱
6728,6740,13249,,,,汽车音响
6728,6740,13250,,,,车载生活电器
6728,6743,11875,,,,车蜡
6728,6743,9974,,,,补漆笔
6728,6743,6757,,,,玻璃水
6728,6743,11878,,,,清洁剂
6728,6743,11879,,,,洗车工具
6728,6743,13251,,,,镀晶镀膜
6728,6743,13296,,,,打蜡机
6728,6743,11880,,,,洗车配件
6728,6743,13252,,,,洗车机
6728,6743,13253,,,,洗车水枪
6728,6743,13254,,,,毛巾掸子
6728,6745,11883,,,,脚垫
6728,6745,11881,,,,座垫
6728,6745,11882,,,,座套
6728,6745,6972,,,,后备箱垫
6728,6745,11887,,,,头枕腰靠
6728,6745,13255,,,,方向盘套
6728,6745,6785,,,,香水
6728,6745,11886,,,,空气净化
6728,6745,11888,,,,挂件摆件
6728,6745,11889,,,,功能小件
6728,6745,11953,,,,车身装饰件
6728,6745,6798,,,,车衣
6728,6747,6792,,,,安全座椅
6728,6747,11954,,,,胎压监测
6728,6747,11955,,,,防盗设备
6728,6747,6796,,,,应急救援
6728,6747,6804,,,,保温箱
6728,6747,13269,,,,地锁
6728,6747,13270,,,,摩托车
6728,6747,12407,,,,充气泵
6728,6747,6801,,,,储物箱
6728,6747,11898,,,,自驾野营
6728,6747,9985,,,,摩托车装备
6728,12402,12403,,,,清洗美容
6728,12402,12404,,,,功能升级
6728,12402,12405,,,,保养维修
6728,12402,13121,,,,油卡充值
6728,12402,13664,,,,车险
6728,12402,13242,,,,加油卡
6728,12402,13266,,,,ETC
6728,12402,13267,,,,驾驶培训
6728,13256,13257,,,,赛事服装
6728,13256,13258,,,,赛事用品
6728,13256,13259,,,,制动系统
6728,13256,13260,,,,悬挂系统
6728,13256,13261,,,,进气系统
6728,13256,13262,,,,排气系统
6728,13256,13263,,,,电子管理
6728,13256,13264,,,,车身强化
6728,13256,13265,,,,赛事座椅
1318,12099,9756,,,,跑步鞋
1318,12099,9754,,,,休闲鞋
1318,12099,9757,,,,篮球鞋
1318,12099,12100,,,,板鞋
1318,12099,9755,,,,帆布鞋
1318,12099,9758,,,,足球鞋
1318,12099,9760,,,,乒羽网鞋
1318,12099,12101,,,,专项运动鞋
1318,12099,9759,,,,训练鞋
1318,12099,9761,,,,拖鞋
1318,12099,9768,,,,运动包
1318,12102,12104,,,,羽绒服
1318,12102,9762,,,,棉服
1318,12102,9766,,,,运动裤
1318,12102,9763,,,,夹克/风衣
1318,12102,9764,,,,卫衣/套头衫
1318,12102,9765,,,,T恤
1318,12102,9767,,,,套装
1318,12102,12106,,,,乒羽网服
1318,12102,12107,,,,健身服
1318,12102,12108,,,,运动背心
1318,12102,12105,,,,毛衫/线衫
1318,12102,12103,,,,运动配饰
1318,12115,12116,,,,折叠车
1318,12115,12117,,,,山地车/公路车
1318,12115,12118,,,,电动车
1318,12115,12119,,,,其他整车
1318,12115,12120,,,,骑行服
1318,12115,12121,,,,骑行装备
1318,12115,12861,,,,平衡车
1318,12147,12148,,,,鱼竿鱼线
1318,12147,12149,,,,浮漂鱼饵
1318,12147,12150,,,,钓鱼桌椅
1318,12147,12151,,,,钓鱼配件
1318,12147,12152,,,,钓箱鱼包
1318,12147,12153,,,,其它
1318,12154,12155,,,,泳镜
1318,12154,12156,,,,泳帽
1318,12154,12157,,,,游泳包防水包
1318,12154,12158,,,,女士泳衣
1318,12154,12159,,,,男士泳衣
1318,12154,12160,,,,比基尼
1318,12154,12161,,,,其它
1318,2628,12123,,,,冲锋衣裤
1318,2628,12124,,,,速干衣裤
1318,2628,12125,,,,滑雪服
1318,2628,12126,,,,羽绒服/棉服
1318,2628,12127,,,,休闲衣裤
1318,2628,12128,,,,抓绒衣裤
1318,2628,12129,,,,软壳衣裤
1318,2628,12130,,,,T恤
1318,2628,12131,,,,户外风衣
1318,2628,12132,,,,功能内衣
1318,2628,12133,,,,军迷服饰
1318,2628,12134,,,,登山鞋
1318,2628,12135,,,,雪地靴
1318,2628,12136,,,,徒步鞋
1318,2628,12137,,,,越野跑鞋
1318,2628,12138,,,,休闲鞋
1318,2628,12139,,,,工装鞋
1318,2628,12140,,,,溯溪鞋
1318,2628,12141,,,,沙滩/凉拖
1318,2628,12142,,,,户外袜
1318,1462,1473,,,,帐篷/垫子
1318,1462,1474,,,,睡袋/吊床
1318,1462,1475,,,,登山攀岩
1318,1462,2629,,,,户外配饰
1318,1462,1472,,,,背包
1318,1462,1476,,,,户外照明
1318,1462,2631,,,,户外仪表
1318,1462,1479,,,,户外工具
1318,1462,1480,,,,望远镜
1318,1462,2691,,,,旅游用品
1318,1462,1478,,,,便携桌椅床
1318,1462,1477,,,,野餐烧烤
1318,1462,5152,,,,军迷用品
1318,1462,12143,,,,救援装备
1318,1462,12144,,,,滑雪装备
1318,1462,12145,,,,极限户外
1318,1462,12146,,,,冲浪潜水
1318,1463,12109,,,,综合训练器
1318,1463,12110,,,,其他大型器械
1318,1463,12111,,,,哑铃
1318,1463,12112,,,,仰卧板/收腹机
1318,1463,12113,,,,其他中小型器材
1318,1463,12114,,,,瑜伽舞蹈
1318,1463,12858,,,,甩脂机
1318,1463,12859,,,,踏步机
1318,1463,5153,,,,武术搏击
1318,1463,1483,,,,健身车/动感单车
1318,1463,1484,,,,跑步机
1318,1463,1487,,,,运动护具
1318,1466,1695,,,,羽毛球
1318,1466,1694,,,,乒乓球
1318,1466,1698,,,,篮球
1318,1466,1697,,,,足球
1318,1466,1696,,,,网球
1318,1466,1699,,,,排球
1318,1466,1700,,,,高尔夫
1318,1466,1701,,,,台球
1318,1466,5155,,,,棋牌麻将
1318,1466,12122,,,,轮滑滑板
1318,1466,5156,,,,其他
6233,6234,6239,,,,0-6个月
6233,6234,6240,,,,6-12个月
6233,6234,6241,,,,1-3岁
6233,6234,6242,,,,3-6岁
6233,6234,6243,,,,6-14岁
6233,6234,6244,,,,14岁以上
6233,6235,6245,,,,遥控车
6233,6235,6246,,,,遥控飞机
6233,6235,6247,,,,遥控船
6233,6235,6248,,,,机器人
6233,6235,6249,,,,轨道/助力
6233,6236,6254,,,,毛绒/布艺
6233,6236,6255,,,,靠垫/抱枕
6233,6237,6257,,,,芭比娃娃
6233,6237,6258,,,,卡通娃娃
6233,6237,6259,,,,智能娃娃
6233,6253,6261,,,,仿真模型
6233,6253,6262,,,,拼插模型
6233,6253,6263,,,,收藏爱好
6233,6260,6265,,,,炫舞毯
6233,6260,6266,,,,爬行垫/毯
6233,6260,6268,,,,户外玩具
6233,6260,6269,,,,戏水玩具
6233,6264,6272,,,,电影周边
6233,6264,6273,,,,卡通周边
6233,6264,6274,,,,网游周边
6233,6271,6276,,,,摇铃/床铃
6233,6271,7063,,,,健身架
6233,6271,6277,,,,早教启智
6233,6271,6278,,,,拖拉玩具
6233,6275,6280,,,,积木
6233,6275,6282,,,,拼图
6233,6275,6284,,,,磁力棒
6233,6275,6286,,,,立体拼插
6233,6279,6281,,,,手工彩泥
6233,6279,6283,,,,绘画工具
6233,6279,6287,,,,情景玩具
6233,6289,6292,,,,减压玩具
6233,6289,6293,,,,创意玩具
6233,6291,6294,,,,钢琴
6233,6291,6296,,,,电子琴/电钢琴
6233,6291,6299,,,,吉他/尤克里里
6233,6291,6303,,,,打击乐器
6233,6291,6301,,,,西洋管弦
6233,6291,6300,,,,民族管弦乐器
6233,6291,6305,,,,乐器配件
6233,6291,6306,,,,电脑音乐
6233,6291,6308,,,,工艺礼品乐器
6233,6291,6302,,,,口琴/口风琴/竖笛
6233,6291,6298,,,,手风琴
4938,4941,4835,,,,游戏点卡
4938,4941,4836,,,,QQ充值
12218,12219,12225,,,,东北
12218,12219,12226,,,,华北
12218,12219,12227,,,,西北
12218,12219,12228,,,,华中
12218,12219,12229,,,,华东
12218,12219,12230,,,,华南
12218,12219,12231,,,,西南
12218,12221,13554,,,,苹果
12218,12221,13555,,,,橙子
12218,12221,13556,,,,奇异果/猕猴桃
12218,12221,13557,,,,车厘子/樱桃
12218,12221,13558,,,,芒果
12218,12221,13559,,,,蓝莓
12218,12221,13560,,,,火龙果
12218,12221,13561,,,,葡萄/提子
12218,12221,13562,,,,柚子
12218,12221,13563,,,,香蕉
12218,12221,13564,,,,牛油果
12218,12221,13565,,,,梨
12218,12221,13566,,,,菠萝/凤梨
12218,12221,13567,,,,桔/橘
12218,12221,13568,,,,柠檬
12218,12221,13569,,,,草莓
12218,12221,13570,,,,桃/李/杏
12218,12221,13571,,,,更多水果
12218,12221,13572,,,,水果礼盒/券
12218,13581,,,,猪牛羊肉
12218,13581,13582,,,,牛肉
12218,13581,13583,,,,羊肉
12218,13581,12247,,,,猪肉
12218,13581,13585,,,,内脏类
12218,12222,12241,,,,鱼类
12218,12222,12242,,,,虾类
12218,12222,12243,,,,蟹类
12218,12222,12244,,,,贝类
12218,12222,12240,,,,海参
12218,12222,12245,,,,海产干货
12218,12222,13579,,,,其他水产
12218,12222,13580,,,,海产礼盒
12218,13586,,,,禽肉蛋品
12218,13586,13587,,,,鸡肉
12218,13586,13588,,,,鸭肉
12218,13586,12250,,,,蛋类
12218,13586,13590,,,,其他禽类
12218,13591,,,,冷冻食品
12218,13591,13592,,,,水饺/馄饨
12218,13591,13593,,,,汤圆/元宵
12218,13591,13594,,,,面点
12218,13591,13595,,,,火锅丸串
12218,13591,13596,,,,速冻半成品
12218,13591,13597,,,,奶酪黄油
12218,12224,12252,,,,熟食
12218,12224,12253,,,,腊肠/腊肉
12218,12224,12254,,,,火腿
12218,12224,12257,,,,糕点
12218,12224,12258,,,,礼品卡券
12218,13598,,,,饮品甜品
12218,13598,13601,,,,冷藏果蔬汁
12218,13598,13603,,,,冰激凌
12218,13598,13604,,,,其他
12218,13553,,,,蔬菜
12218,13553,13573,,,,叶菜类
12218,13553,13574,,,,茄果瓜类
12218,13553,13575,,,,根茎类
12218,13553,13576,,,,鲜菌菇
12218,13553,13577,,,,葱姜蒜椒
12218,13553,13578,,,,半加工蔬菜
12379,12380,,,,全新整车
12379,12380,12381,,,,微型车
12379,12380,12382,,,,小型车
12379,12380,12383,,,,紧凑型车
12379,12380,12384,,,,中型车
12379,12380,12385,,,,中大型车
12379,12380,12386,,,,豪华车
12379,12380,12388,,,,MPV
12379,12380,12387,,,,SUV
12379,12380,12389,,,,跑车
12379,13302,,,,二手车
12379,13302,13303,,,,微型车（二手）
12379,13302,13304,,,,小型车（二手）
12379,13302,13305,,,,紧凑型车（二手）
12379,13302,13306,,,,中型车（二手）
12379,13302,13307,,,,中大型车（二手）
12379,13302,13308,,,,豪华车（二手）
12379,13302,13309,,,,MPV（二手）
12379,13302,13310,,,,SUV（二手）
12379,13302,13311,,,,跑车（二手）
12379,13302,13312,,,,皮卡（二手）
12379,13302,13313,,,,面包车（二手）
1713,3258,3297,,,,中国当代小说
1713,3258,3298,,,,中国近现代小说
1713,3258,3299,,,,中国古典小说
1713,3258,3300,,,,四大名著
1713,3258,3301,,,,港澳台小说
1713,3258,3302,,,,穿越/重生/架空
1713,3258,3303,,,,外国小说
1713,3258,3304,,,,侦探/悬疑/推理
1713,3258,3305,,,,惊悚/恐怖
1713,3258,6569,,,,科幻小说
1713,3258,3306,,,,魔幻/奇幻/玄幻
1713,3258,3307,,,,武侠
1713,3258,3308,,,,军事
1713,3258,3309,,,,情感/家庭/婚姻
1713,3258,3310,,,,宫廷
1713,3258,3311,,,,社会
1713,3258,3312,,,,都市
1713,3258,3313,,,,乡土
1713,3258,3314,,,,职场
1713,3258,3315,,,,财经
1713,3258,3316,,,,官场
1713,3258,3317,,,,历史
1713,3258,3318,,,,影视小说
1713,3258,3319,,,,作品集
1713,3258,3320,,,,世界名著
1713,3258,3321,,,,期刊杂志
1713,3259,3333,,,,散文/随笔/书信
1713,3259,3334,,,,诗歌词曲
1713,3259,3336,,,,中国文学
1713,3259,3337,,,,外国文学
1713,3259,3328,,,,名家作品
1713,3259,3329,,,,儿童文学
1713,3259,3327,,,,作品集
1713,3259,3330,,,,纪实文学
1713,3259,3331,,,,民间文学
1713,3259,3332,,,,影视文学
1713,3259,6570,,,,戏剧曲艺
1713,3259,3324,,,,文学理论
1713,3259,3326,,,,文学史
1713,3259,3325,,,,文学评论与研究
1713,3259,3335,,,,期刊杂志
1713,3260,3338,,,,校园
1713,3260,3339,,,,爱情/情感
1713,3260,13623,,,,古代言情
1713,3260,3340,,,,叛逆/成长
1713,3260,3341,,,,悬疑/惊悚
1713,3260,3342,,,,娱乐/偶像
1713,3260,3343,,,,爆笑/无厘头
1713,3260,3344,,,,玄幻/科幻/新武侠
1713,3260,3345,,,,大陆原创
1713,3260,3346,,,,港台青春文学
1713,3260,3347,,,,韩国青春文学
1713,3260,3348,,,,其他国外青春文学
1713,3261,3350,,,,历史人物
1713,3261,3351,,,,经典传记
1713,3261,3352,,,,历代帝王
1713,3261,3353,,,,领袖首脑
1713,3261,3354,,,,军事人物
1713,3261,3355,,,,政治人物
1713,3261,3356,,,,财经人物
1713,3261,3357,,,,宗教人物
1713,3261,3358,,,,女性人物
1713,3261,3359,,,,体坛之星
1713,3261,3360,,,,文娱明星
1713,3261,3361,,,,科学家
1713,3261,3362,,,,建筑师/设计师
1713,3261,3363,,,,艺术家
1713,3261,3364,,,,文学家
1713,3261,3370,,,,哲学家
1713,3261,13605,,,,国学大师
1713,3261,3365,,,,学者
1713,3261,13606,,,,教育家
1713,3261,3367,,,,自传
1713,3261,6571,,,,人物合集
1713,3261,3366,,,,社会百相
1713,3261,3368,,,,家族研究与传记
1713,3261,3369,,,,姓氏谱系
1713,13634,13635,,,,钢琴
1713,13634,13636,,,,吉他
1713,13634,13637,,,,提琴
1713,13634,13638,,,,二胡
1713,13634,13639,,,,器乐
1713,13634,13640,,,,声乐
1713,13634,13641,,,,歌谱曲谱
1713,13634,13642,,,,音乐理论
1713,13634,13643,,,,音乐赏析
1713,12775,13649,,,,国画技法
1713,12775,12777,,,,国画赏析
1713,12775,12778,,,,素描/速写
1713,12775,12779,,,,水粉/水彩
1713,12775,12780,,,,彩铅/铅笔画
1713,12775,13648,,,,简笔画
1713,12775,13650,,,,油画技法
1713,12775,12781,,,,油画赏析
1713,12775,12782,,,,其他绘画
1713,12775,12783,,,,名家画集
1713,12775,12784,,,,绘画技法
1713,12775,13647,,,,绘画史
1713,12775,12785,,,,绘画理论
1713,12775,12786,,,,美术考试
1713,12776,12787,,,,摄影技法
1713,12776,12788,,,,摄影器材指南
1713,12776,12789,,,,后期处理
1713,12776,12790,,,,摄影理论
1713,12776,12791,,,,摄影集/图册
1713,12776,12792,,,,分类摄影
1713,12776,13651,,,,光线与构图
1713,12776,13652,,,,人物摄影
1713,12776,13653,,,,景物摄影
1713,13627,13628,,,,字帖
1713,13627,13629,,,,碑帖
1713,13627,13630,,,,硬笔书法
1713,13627,13631,,,,书法理论
1713,13627,13632,,,,技法/教程
1713,13627,13633,,,,书法赏析
1713,3262,3379,,,,设计
1713,3262,3376,,,,篆刻
1713,3262,10009,,,,连环画
1713,3262,3378,,,,动画
1713,3262,3380,,,,影视
1713,3262,3383,,,,人体艺术
1713,3262,3374,,,,鉴赏收藏
1713,3262,3382,,,,建筑
1713,3262,3384,,,,舞蹈
1713,3262,3381,,,,雕塑
1713,3262,4787,,,,艺术类考试
1713,3262,3372,,,,艺术史
1713,3262,3371,,,,艺术理论与评论
1713,3262,3373,,,,世界各国艺术概况
1713,3262,3385,,,,舞台艺术戏剧
1713,3262,3386,,,,工艺美术
1713,3262,3387,,,,民间艺术
1713,3262,3388,,,,艺术品拍卖
1713,3262,3389,,,,艺术辞典与工具书
1713,3263,3394,,,,儿童文学
1713,3263,3399,,,,科普/百科
1713,3263,4761,,,,绘本
1713,3263,3396,,,,手工/游戏
1713,3263,3395,,,,幼儿启蒙
1713,3263,3398,,,,智力开发
1713,3263,3391,,,,动漫/卡通
1713,3263,12081,,,,玩具书
1713,3263,3400,,,,励志/成长
1713,3263,3393,,,,儿童教育
1713,3263,3397,,,,音乐/舞蹈
1713,3263,4762,,,,美术/书法
1713,3263,3392,,,,少儿国学
1713,3263,3401,,,,少儿英语
1713,3263,4760,,,,笑话/幽默
1713,3263,13675,,,,AR/VR
1713,3263,4763,,,,入园准备及教材
1713,3263,3402,,,,0-2岁
1713,3263,3403,,,,3-6岁
1713,3263,3404,,,,7-10岁
1713,3263,3405,,,,11-14岁
1713,3263,12411,,,,儿童期刊
1713,3267,3456,,,,经典著作
1713,3267,3457,,,,个人形象
1713,3267,3458,,,,人在职场
1713,3267,3459,,,,人际与社交
1713,3267,3460,,,,创业必修
1713,3267,3461,,,,励志小品
1713,3267,3462,,,,大师谈励志
1713,3267,3463,,,,女性励志
1713,3267,3464,,,,男性励志
1713,3267,3465,,,,名人励志
1713,3267,3466,,,,心灵鸡汤
1713,3267,3467,,,,成功学
1713,3267,3468,,,,文明礼仪
1713,3267,3469,,,,智慧格言
1713,3267,3470,,,,演讲与口才
1713,3267,3471,,,,自我完善
1713,3267,3472,,,,自我调节
1713,3267,3473,,,,行业成功指南
1713,3267,3474,,,,青少年励志/大学生指南
1713,3267,6572,,,,智力与谋略
1713,3267,3476,,,,情商管理
1713,3267,3477,,,,性格/习惯
1713,3267,13621,,,,财富智慧
1713,3267,13622,,,,出国/留学
1713,3266,3437,,,,经典著作
1713,3266,3438,,,,MBA与工商管理
1713,3266,3439,,,,人力资源管理
1713,3266,3440,,,,创业/商业史传
1713,3266,3441,,,,企业管理与培训
1713,3266,3442,,,,供应链管理
1713,3266,3443,,,,商务实务
1713,3266,3444,,,,市场营销
1713,3266,3445,,,,战略管理
1713,3266,3446,,,,生产与运作管理
1713,3266,3447,,,,电子商务
1713,3266,3448,,,,管理信息系统
1713,3266,3449,,,,管理学
1713,3266,3450,,,,管理工具书
1713,3266,3451,,,,财务管理
1713,3266,3452,,,,通俗读物
1713,3266,3453,,,,项目管理
1713,3266,3454,,,,领导学
1713,3266,13609,,,,互联网+
1713,3264,3409,,,,会计、审计
1713,3264,3406,,,,经典著作
1713,3264,3407,,,,世界经济
1713,3264,3415,,,,职业资格考试
1713,3264,3408,,,,中国经济
1713,3264,3414,,,,经济学理论
1713,3264,3416,,,,行业经济
1713,3264,3411,,,,经济体制与改革
1713,3264,3418,,,,贸易经济
1713,3264,3412,,,,经济计划与管理
1713,3264,3417,,,,财政税收
1713,3264,3413,,,,经济史
1713,3264,3421,,,,工业经济
1713,3264,3410,,,,工具书与参考书
1713,3264,3419,,,,通俗读物
1713,3264,13620,,,,智能经济
1713,3265,3428,,,,投资
1713,3265,3426,,,,国际金融
1713,3265,3429,,,,期货
1713,3265,3425,,,,各国金融银行
1713,3265,3430,,,,股票
1713,3265,3422,,,,中国金融银行
1713,3265,3431,,,,证券
1713,3265,3433,,,,货币银行学
1713,3265,3427,,,,基金
1713,3265,3424,,,,信用管理与信贷
1713,3265,3423,,,,保险
1713,3265,3434,,,,金融市场与管理
1713,3265,3432,,,,个人理财
1713,3265,3435,,,,金融理论
1713,3265,3436,,,,企业并购
1713,3265,13619,,,,互联网金融
1713,13613,13614,,,,孕前准备
1713,13613,13615,,,,孕期
1713,13613,13616,,,,胎教
1713,13613,13617,,,,产后
1713,13613,13618,,,,孕产妇饮食/保健
1713,3270,9265,,,,家教理论
1713,3270,9266,,,,家教方法
1713,3270,9267,,,,素质教育
1713,3270,9268,,,,心理疏导
1713,3270,9269,,,,养育男孩
1713,3270,9270,,,,养育女孩
1713,3270,3512,,,,亲子关系
1713,3270,6578,,,,婴幼儿保健护理
1713,3270,3509,,,,育儿百科
1713,3270,3511,,,,婴幼儿饮食
1713,3271,3529,,,,旅游随笔
1713,3271,3525,,,,旅游摄影
1713,3271,3519,,,,国内游
1713,3271,3522,,,,户外探险
1713,3271,3520,,,,国外游
1713,3271,3523,,,,旅游地图
1713,3271,3531,,,,自助游
1713,3271,3521,,,,导游必备
1713,3271,3524,,,,旅游指南
1713,3271,3532,,,,明信片
1713,3271,3530,,,,热点游
1713,3271,3526,,,,旅游期刊
1713,3271,3518,,,,主题旅游
1713,3271,3527,,,,旅游理论与实务
1713,3271,9271,,,,地球仪
1713,3271,9272,,,,挂图/折叠图
1713,3271,9273,,,,中国地图
1713,3271,9274,,,,世界地图
1713,3271,9275,,,,分省/区域/城市地图
1713,3271,9276,,,,全国高速公路/铁路地图
1713,3271,9277,,,,国家/区域地理地图
1713,9278,9280,,,,烘焙甜品
1713,9278,9279,,,,家常菜谱
1713,9278,9282,,,,茶酒饮品
1713,9278,9281,,,,养生食疗
1713,9278,9283,,,,“三高”人群食谱
1713,9278,9284,,,,糖尿病人食谱
1713,9278,9285,,,,地方美食
1713,9278,9286,,,,饮食文化
1713,9278,9288,,,,西餐
1713,9278,9287,,,,日韩料理
1713,9278,9289,,,,美食地图
1713,9278,9290,,,,厨师用书
1713,9291,9293,,,,彩妆/美发/美甲
1713,9291,9292,,,,美容护肤
1713,9291,9294,,,,减肥瘦身
1713,9291,9296,,,,品牌/奢侈品
1713,9291,9295,,,,服饰搭配
1713,9291,9297,,,,男人时尚
1713,9291,9298,,,,时尚女人
1713,9291,9299,,,,时尚生活
1713,9291,9300,,,,时尚杂志
1713,9301,9302,,,,家装家饰
1713,9301,9303,,,,居家安全
1713,9301,9304,,,,家庭园艺
1713,9301,9305,,,,宠物
1713,9301,9306,,,,爱车一族
1713,9301,9307,,,,生活指南
1713,9301,9308,,,,收藏鉴赏
1713,9309,9310,,,,恋爱
1713,9309,9311,,,,婚姻
1713,9309,9312,,,,两性关系
1713,9309,9313,,,,性知识
1713,9314,9315,,,,手工DIY
1713,9314,9316,,,,风水/占卜
1713,9314,9318,,,,心理测试
1713,9314,9317,,,,星座运程
1713,9314,9319,,,,休闲游戏
1713,9314,9320,,,,起名
1713,3269,3492,,,,上班族保健
1713,3269,3493,,,,两性健康
1713,3269,3494,,,,中老年健康
1713,3269,3495,,,,养生
1713,3269,3496,,,,五官护理
1713,3269,3497,,,,孕产妇保健
1713,3269,3498,,,,家庭保健
1713,3269,3499,,,,常见病预防与治疗
1713,3269,3500,,,,心理健康
1713,3269,3501,,,,急救常识
1713,3269,3502,,,,瑜伽/美体
1713,3269,3503,,,,婴幼儿保健
1713,3269,3504,,,,运动健身
1713,3269,3505,,,,保健食谱
1713,3269,3506,,,,中医保健
1713,3272,3535,,,,日本动漫
1713,3272,3533,,,,大陆动漫
1713,3272,3536,,,,欧美动漫
1713,3272,3534,,,,港台动漫
1713,3272,3537,,,,其他国外动漫
1713,3272,3539,,,,连环画
1713,3272,10827,,,,绘本
1713,3272,10828,,,,轻小说
1713,3272,3541,,,,爆笑漫画
1713,3272,3540,,,,动漫学堂
1713,3272,13607,,,,游戏/动漫同人漫画
1713,3272,13608,,,,名著漫画版
1713,3273,3545,,,,中国史
1713,3273,3544,,,,世界史
1713,3273,3543,,,,经典著作
1713,3273,3547,,,,史家名著
1713,3273,3556,,,,通俗说史
1713,3273,6579,,,,地方史志
1713,3273,3548,,,,逸闻野史
1713,3273,3546,,,,历史热点
1713,3273,3549,,,,文物考古
1713,3273,3550,,,,风俗习惯
1713,3273,3542,,,,史学理论
1713,3273,3554,,,,历史研究与评论
1713,3273,3555,,,,民族史
1713,3273,3551,,,,历史工具书
1713,3279,3646,,,,经典著作
1713,3279,3647,,,,大众心理学
1713,3279,3648,,,,社会心理学
1713,3279,3649,,,,人格心理学
1713,3279,3650,,,,心理咨询与治疗
1713,3279,3651,,,,女性心理学
1713,3279,3652,,,,变态/病态心理学
1713,3279,3653,,,,应用心理学
1713,3279,3654,,,,心理健康
1713,3279,3655,,,,儿童/青少年心理学
1713,3279,3656,,,,心理学理论
1713,3279,3657,,,,心理学研究方法
1713,3279,3658,,,,心理百科
1713,3279,3659,,,,心灵疗愈/催眠
1713,3279,3660,,,,生理心理学
1713,3279,13778,,,,性格色彩学
1713,3276,3582,,,,政治经典著作
1713,3276,3583,,,,世界政治
1713,3276,3584,,,,中国共产党
1713,3276,3585,,,,中国政治
1713,3276,3586,,,,党政读物
1713,3276,3587,,,,各国共产党
1713,3276,3588,,,,各国政治
1713,3276,3589,,,,外交、国际关系
1713,3276,3590,,,,工人、农民、青年、妇女运动与组织
1713,3276,3591,,,,政治热点
1713,3276,3592,,,,政治理论
1713,3276,6580,,,,公共管理
1713,3276,3593,,,,政治考试和教材
1713,3276,3594,,,,马克思主义理论
1713,3276,3595,,,,经典军事著作
1713,3276,3596,,,,中国军事
1713,3276,3597,,,,世界军事
1713,3276,3598,,,,军事理论
1713,3276,3599,,,,军事技术
1713,3276,3600,,,,战略战术战役
1713,3276,3601,,,,武器装备
1713,3276,3602,,,,反恐
1713,3276,3603,,,,军事教材
1713,3276,3604,,,,军事文学
1713,3276,3605,,,,军事史
1713,3275,9949,,,,经部
1713,3275,9950,,,,史部
1713,3275,9951,,,,子部
1713,3275,9952,,,,集部
1713,3275,13612,,,,古籍整理
1713,3275,9953,,,,四库全书
1713,3275,9954,,,,国学名家
1713,3275,9955,,,,线装书
1713,3275,13610,,,,礼品书
1713,3275,3581,,,,国学普及读物
1713,3275,3578,,,,书目辞典
1713,3275,13611,,,,古籍工具书
1713,3275,3579,,,,古籍善本影印本
1713,3274,3557,,,,哲学经典著作
1713,3274,3558,,,,中国哲学
1713,3274,3559,,,,东方哲学
1713,3274,3560,,,,西方哲学
1713,3274,3561,,,,哲学理论与流派
1713,3274,3566,,,,马克思哲学
1713,3274,3570,,,,思维科学
1713,3274,3571,,,,美学
1713,3274,3572,,,,逻辑学
1713,3274,3573,,,,伦理学
1713,3274,13645,,,,哲学史
1713,3274,9321,,,,宗教普及读物
1713,3274,9322,,,,宗教经典著作
1713,3274,9323,,,,佛教原典
1713,3274,9324,,,,佛教研究著作
1713,3274,9327,,,,宗教术数
1713,3274,9326,,,,佛教名家作品
1713,3274,9325,,,,藏传佛教
1713,3274,9329,,,,宗教艺术
1713,3274,9328,,,,基督教
1713,3274,9330,,,,天主教
1713,3274,9332,,,,犹太教
1713,3274,9331,,,,宗教理论与概况
1713,3274,9333,,,,宗教神话与传说
1713,3274,9334,,,,道教
1713,3274,9335,,,,伊斯兰教
1713,3274,9336,,,,其他宗教
1713,3277,3606,,,,经典著作
1713,3277,3607,,,,理论法学
1713,3277,3608,,,,法律史
1713,3277,3609,,,,刑法
1713,3277,3610,,,,司法制度
1713,3277,3611,,,,司法案例与司法解释
1713,3277,3612,,,,司法考试
1713,3277,3613,,,,商法
1713,3277,3614,,,,国家法、宪法
1713,3277,3615,,,,外国法律与港澳台法律
1713,3277,3616,,,,民法
1713,3277,3617,,,,法学文集
1713,3277,3618,,,,法律工具书
1713,3277,3619,,,,法律教材与法律考试
1713,3277,3620,,,,法律文书写作
1713,3277,3621,,,,法律普及读物
1713,3277,3622,,,,法律期刊
1713,3277,3623,,,,法律法规
1713,3277,3624,,,,经济法
1713,3277,3625,,,,行政法
1713,3277,3626,,,,国际法
1713,3277,3627,,,,司法鉴定
1713,3277,3628,,,,犯罪学
1713,3277,3629,,,,刑事侦查学（犯罪对策学、犯罪侦查学）
1713,3277,3630,,,,法医学
1713,3277,3631,,,,诉讼法
1713,3277,3632,,,,网络法律法规
1713,3277,3633,,,,法律实务
1713,3280,3661,,,,文化理论
1713,3280,3662,,,,文化史
1713,3280,3663,,,,方针政策及其阐述
1713,3280,3664,,,,文化评述
1713,3280,3665,,,,文化研究
1713,3280,3666,,,,文化交流/文化产业
1713,3280,3667,,,,文化专题研究
1713,3280,3668,,,,地域文化
1713,3280,3669,,,,传统文化
1713,3280,3670,,,,民俗文化
1713,3280,3671,,,,民族文化
1713,3280,3672,,,,文化刊物
1713,3280,3673,,,,世界各国文化
1713,3280,13626,,,,文化随笔
1713,3281,3674,,,,经典著作
1713,3281,9337,,,,教育
1713,3281,9338,,,,新闻出版/档案管理
1713,3281,9339,,,,语言文字
1713,3281,3675,,,,人口学
1713,3281,3676,,,,人才学
1713,3281,3677,,,,人类学
1713,3281,3679,,,,社会结构和社会关系
1713,3281,3678,,,,民族学
1713,3281,3680,,,,社会生活与社会问题
1713,3281,3683,,,,社会学
1713,3281,3681,,,,社会调查
1713,3281,3684,,,,社会科学丛书、文集、连续出版物
1713,3281,3682,,,,社会保障
1713,3281,3685,,,,社会科学文献检索
1713,3281,3687,,,,社会科学理论
1713,3281,3688,,,,公共关系
1713,3281,3690,,,,统计学
1713,3281,3689,,,,社区
1713,9340,9342,,,,地球科学
1713,9340,9341,,,,科普图鉴
1713,9340,9343,,,,数理化
1713,9340,9344,,,,天文航天
1713,9340,9346,,,,神秘现象
1713,9340,9345,,,,生物世界
1713,9340,9348,,,,人类故事
1713,9340,9347,,,,科学史话
1713,9340,9349,,,,百科知识
1713,9340,9350,,,,儿童科普
1713,3287,3797,,,,编程语言与程序设计
1713,3287,3798,,,,软件工程及软件方法学
1713,3287,3799,,,,数据库
1713,3287,3800,,,,操作系统
1713,3287,3803,,,,网络与通信
1713,3287,3814,,,,办公软件
1713,3287,3805,,,,图形图像/多媒体
1713,3287,3806,,,,网页制作/Web技术
1713,3287,3817,,,,电子商务
1713,3287,3820,,,,IT人文/互联网
1713,3287,6591,,,,数码产品攻略
1713,3287,3815,,,,专用软件
1713,3287,3808,,,,考试认证
1713,3287,3810,,,,游戏开发
1713,3287,3811,,,,硬件与维护
1713,3287,4764,,,,单片机与嵌入式
1713,3287,3816,,,,计算机工具书
1713,3287,3819,,,,大数据与云计算
1713,3287,3807,,,,辅助设计与工程计算
1713,3287,3812,,,,信息系统
1713,3287,3813,,,,计算机理论、基础知识
1713,3287,3801,,,,计算机安全
1713,3287,3809,,,,移动开发
1713,3287,3804,,,,人工智能
1713,3287,3818,,,,新手学电脑
1713,3287,3802,,,,计算机控制与仿真
1713,3284,3728,,,,园林景观
1713,3284,3729,,,,土力学、地基基础工程
1713,3284,3730,,,,城乡建设、市政工程、环境工程
1713,3284,3731,,,,城市规划、城市设计
1713,3284,3732,,,,室内设计、装饰装修
1713,3284,3733,,,,建筑工具书
1713,3284,3734,,,,工程监理
1713,3284,3735,,,,建筑制图
1713,3284,3736,,,,建筑勘测
1713,3284,3737,,,,建筑史
1713,3284,3738,,,,建筑基础科学
1713,3284,3739,,,,建筑工程经济与管理
1713,3284,3740,,,,建筑施工与机械设备
1713,3284,3741,,,,建筑材料
1713,3284,3742,,,,建筑类教材与教辅
1713,3284,3743,,,,建筑结构
1713,3284,3744,,,,建筑艺术
1713,3284,3745,,,,建筑设计
1713,3284,3746,,,,房地产开发管理
1713,3284,3747,,,,物业管理
1713,3284,3748,,,,房屋建筑设备
1713,3284,3749,,,,执业资格考试用书
1713,3284,3750,,,,标准和规范
1713,3284,3751,,,,法律法规
1713,3284,3752,,,,建筑经济
1713,3285,3753,,,,医学理论与研究
1713,3285,3754,,,,预防医学、卫生学
1713,3285,3755,,,,中国医学
1713,3285,3756,,,,基础医学
1713,3285,3757,,,,临床医学
1713,3285,3758,,,,护理学
1713,3285,3759,,,,内科学
1713,3285,3760,,,,外科学
1713,3285,3761,,,,妇产科学
1713,3285,3762,,,,儿科学
1713,3285,3763,,,,肿瘤学
1713,3285,3764,,,,神经病学与精神病学
1713,3285,3765,,,,皮肤病学与性病学
1713,3285,3766,,,,耳鼻咽喉科学
1713,3285,3767,,,,眼科学
1713,3285,3768,,,,口腔科学
1713,3285,3769,,,,民族医学
1713,3285,3770,,,,特种医学
1713,3285,3771,,,,药学
1713,3285,3772,,,,动物医学
1713,3285,3773,,,,急诊学
1713,3285,3774,,,,医学文献
1713,3285,3775,,,,医学/药学类考试
1713,3285,3776,,,,医疗器械及使用
1713,3285,6589,,,,医院管理
1713,3282,6584,,,,电工电气
1713,3282,6582,,,,机械、仪表工业
1713,3282,3710,,,,金属学与金属工艺
1713,3282,3708,,,,自动化技术
1713,3282,3691,,,,汽车与车辆
1713,3282,3692,,,,交通运输
1713,3282,6586,,,,能源与动力工程
1713,3282,6587,,,,航空、航天
1713,3282,3694,,,,一般工业技术
1713,3282,3701,,,,原子能技术
1713,3282,6585,,,,矿业工程
1713,3282,6581,,,,冶金工业
1713,3282,3707,,,,石油、天然气工业
1713,3282,3700,,,,化学工业
1713,3282,3709,,,,轻工业、手工业
1713,3282,3706,,,,武器工业
1713,3282,6583,,,,水利水电
1713,3282,3705,,,,食品安全
1713,3282,3702,,,,参考工具书
1713,3282,3703,,,,工业技术理论
1713,3282,3704,,,,机构、团体、会议
1713,9368,9369,,,,农业基础科学
1713,9368,9371,,,,农艺学
1713,9368,9370,,,,农业工程
1713,9368,9372,,,,农作物
1713,9368,9373,,,,植物保护
1713,9368,9375,,,,园艺
1713,9368,9374,,,,林业
1713,9368,9376,,,,畜牧、狩猎、蚕、蜂
1713,9368,9377,,,,动物医学
1713,9368,9378,,,,水产、渔业
1713,9351,9352,,,,基础与理论
1713,9351,9353,,,,通信
1713,9351,9355,,,,无线通信
1713,9351,9354,,,,基本电子电路
1713,9351,9356,,,,微电子学、集成电路(IC)
1713,9351,9357,,,,移动通信
1713,9351,9358,,,,电子元件、组件
1713,9351,9359,,,,无线电设备、电信设备
1713,9351,9360,,,,半导体技术
1713,9351,9361,,,,电视
1713,9351,9362,,,,真空电子技术
1713,9351,9364,,,,光电子技术、激光技术
1713,9351,9363,,,,广播
1713,9351,9365,,,,雷达
1713,9351,9366,,,,电子对抗（干扰及抗干扰）
1713,9351,9367,,,,无线电导航
1713,3286,3781,,,,数学
1713,3286,3782,,,,力学
1713,3286,3783,,,,物理学
1713,3286,3784,,,,化学
1713,3286,3785,,,,晶体学
1713,3286,3786,,,,天文学
1713,3286,3787,,,,测绘学
1713,3286,3788,,,,地球物理学
1713,3286,3789,,,,大气科学
1713,3286,3790,,,,地质学
1713,3286,3791,,,,海洋学
1713,3286,3792,,,,地理学
1713,3286,3793,,,,生物科学
1713,3286,3794,,,,环境科学
1713,3286,6590,,,,安全科学
1713,3286,3780,,,,非线性科学
1713,3286,3779,,,,自然科学文献检索
1713,3286,3777,,,,自然科学总论
1713,3286,3778,,,,自然科学丛书、文集、连续性出版物
1713,3288,3828,,,,太极/武术/气功
1713,3288,3826,,,,棋牌
1713,3288,3829,,,,跆拳道/拳击
1713,3288,3827,,,,球类运动
1713,3288,3833,,,,电子竞技
1713,3288,3831,,,,休闲运动
1713,3288,13624,,,,冰雪运动
1713,3288,3830,,,,水上运动
1713,3288,3832,,,,极限运动
1713,3288,3825,,,,田径/体操
1713,3288,3834,,,,其他运动
1713,3288,3821,,,,体育理论与教学
1713,3288,3824,,,,运动会
1713,3288,3823,,,,奥林匹克
1713,3288,3822,,,,规则/裁判
1713,3289,4766,,,,小学一年级
1713,3289,4767,,,,小学二年级
1713,3289,4768,,,,小学三年级
1713,3289,4769,,,,小学四年级
1713,3289,4770,,,,小学五年级
1713,3289,4771,,,,小学六年级
1713,3289,3836,,,,小学通用
1713,3289,4772,,,,小学升初中
1713,3289,4773,,,,初一/七年级
1713,3289,4774,,,,初二/八年级
1713,3289,4775,,,,初三/九年级
1713,3289,3841,,,,初中通用
1713,3289,4776,,,,中考
1713,3289,4777,,,,高一
1713,3289,4778,,,,高二
1713,3289,4779,,,,高三
1713,3289,3842,,,,高中通用
1713,3289,4780,,,,高考
1713,3289,3837,,,,中小学作文辅导
1713,3289,3849,,,,奥数/竞赛
1713,3289,6592,,,,字帖
1713,3289,3839,,,,中小学课外读物
1713,3289,3838,,,,中小学工具书
1713,3289,4781,,,,教师用书
1713,3289,13646,,,,幼小衔接
1713,3289,4765,,,,学习方法/报考指南
1713,11047,11048,,,,大学教材
1713,11047,11049,,,,研究生教材
1713,11047,11050,,,,高职高专教材
1713,11047,11051,,,,中职中专教材
1713,11047,11052,,,,成人教育教材
1713,11047,11053,,,,竞赛
1713,11047,11054,,,,职业培训教材
1713,3290,6594,,,,国家公务员
1713,3290,6595,,,,地方公务员
1713,3290,6596,,,,公务员考试申论
1713,3290,6597,,,,公务员行政能力测验
1713,3290,6598,,,,公务员考试面试
1713,3290,6599,,,,公务员公共基础知识
1713,3290,6600,,,,事业单位考试
1713,3290,6601,,,,考研政治
1713,3290,6602,,,,考研英语
1713,3290,6603,,,,考研数学
1713,3290,6604,,,,考研大纲
1713,3290,6605,,,,考研专业课
1713,3290,3876,,,,会计类考试
1713,3290,6613,,,,证券从业资格考试
1713,3290,6614,,,,其他经管类考试
1713,3290,3874,,,,计算机考试
1713,3290,6615,,,,司法考试
1713,3290,3871,,,,其他法律类考试
1713,3290,6616,,,,医学类考试
1713,3290,6617,,,,建筑类考试
1713,3290,3873,,,,艺术类考试
1713,3290,6612,,,,英语考试
1713,3290,3875,,,,汉语/小语种考试
1713,3290,6606,,,,同等学力考试
1713,3290,6607,,,,MBA/MPA/MPACC
1713,3290,6608,,,,GCT（工程硕士）联考
1713,3290,6609,,,,法硕/金融联考
1713,3290,6610,,,,在职硕士考试
1713,3290,6611,,,,博士生入学考试
1713,3290,3870,,,,成人高考/自考
1713,3290,3877,,,,其他资格/职称考试
1713,3290,12096,,,,银行类考试
1713,3290,12097,,,,注册税务师
1713,3290,12098,,,,教师类考试
1713,3291,3893,,,,英语读物
1713,3291,3888,,,,生活实用英语
1713,3291,6621,,,,英语口语
1713,3291,6622,,,,英语词汇
1713,3291,3899,,,,英语专项训练
1713,3291,3890,,,,英语综合教程
1713,3291,3891,,,,职业/行业英语
1713,3291,13625,,,,职称英语
1713,3291,6623,,,,考研英语
1713,3291,6624,,,,英语四/六级考试（CET-4/6）
1713,3291,6625,,,,英语专业四/八级考试
1713,3291,6626,,,,雅思IELTS
1713,3291,6627,,,,托福TOEFL
1713,3291,6628,,,,托业TOEIC
1713,3291,6629,,,,剑桥商务英语考试BEC
1713,3291,6630,,,,GRE/GMAT
1713,3291,6631,,,,高校英语应用能力考试
1713,3291,6632,,,,全国公共英语等级考试（PETS）
1713,3291,3892,,,,其它英语考试
1713,3291,3895,,,,词典与工具书
1713,3291,3878,,,,中小学英语
1713,3291,3880,,,,儿童英语
1713,3291,6633,,,,研究生英语
1713,3291,3885,,,,大学英语
1713,3291,3898,,,,高职高专英语
1713,3291,6634,,,,意大利语
1713,3291,6635,,,,老外读本
1713,3291,3887,,,,日语
1713,3291,3897,,,,韩语
1713,3291,3886,,,,德语
1713,3291,3879,,,,俄语
1713,3291,3889,,,,法语
1713,3291,3894,,,,西班牙语
1713,3291,3881,,,,其他小语种
1713,3291,3882,,,,对外汉语
1713,3291,6636,,,,留学指南
1713,3291,3884,,,,外语期刊
1713,3291,3883,,,,外语教学/学术著作
1713,3294,3923,,,,汉语字典
1713,3294,3937,,,,汉语词典
1713,3294,12082,,,,成语词典
1713,3294,12083,,,,中小学工具书
1713,3294,3927,,,,英汉/汉英词典
1713,3294,12084,,,,日语词典
1713,3294,12085,,,,韩语词典
1713,3294,12086,,,,德语词典
1713,3294,12087,,,,法语词典
1713,3294,12088,,,,其他语种词典
1713,3294,3929,,,,工业技术
1713,3294,3936,,,,标准
1713,3294,3944,,,,计算机
1713,3294,3940,,,,百科全书
1713,3294,3924,,,,医学
1713,3294,3941,,,,科学与自然
1713,3294,3925,,,,历史地理
1713,3294,3939,,,,环境与安全
1713,3294,3928,,,,社会科学
1713,3294,3926,,,,哲学宗教
1713,3294,3931,,,,政治军事
1713,3294,3938,,,,法律
1713,3294,3932,,,,文化社科教育
1713,3294,3942,,,,经济管理
1713,3294,3943,,,,艺术辞典
1713,3294,3935,,,,万年历
1713,3294,3933,,,,文学鉴赏辞典
1713,3294,3934,,,,文摘索引
1713,3294,3922,,,,名录/目录/黄页
1713,3294,3930,,,,年谱、年表/年鉴、年刊
1713,4758,4811,,,,时尚/美妆
1713,4758,4803,,,,旅游地理
1713,4758,4815,,,,文学文摘
1713,4758,4800,,,,家居
1713,4758,4810,,,,生活休闲
1713,4758,4804,,,,母婴育儿
1713,4758,4816,,,,新闻/人物
1713,4758,4801,,,,财经管理
1713,4758,6644,,,,健康美食
1713,4758,6648,,,,影视动漫
1713,4758,6643,,,,艺术/摄影/设计
1713,4758,4812,,,,数码/计算机
1713,4758,6647,,,,政治法律
1713,4758,6645,,,,行业刊物
1713,4758,6646,,,,社会万象
1713,4758,4813,,,,体育运动
1713,4758,4807,,,,汽车
1713,4758,4805,,,,男士
1713,4758,4814,,,,外语
1713,4758,6649,,,,历史
1713,4758,4802,,,,科普
1713,4855,4856,,,,Arts & Photography（艺术与摄影）
1713,4855,4857,,,,Biographies & Memoirs（传记与自传）
1713,4855,4858,,,,Business & Investing（商业与投资）
1713,4855,4859,,,,Children's Books（儿童图书）
1713,4855,4861,,,,Comics & Graphic Novels（动漫与绘画小说）
1713,4855,4862,,,,Computers & Internet（计算机与网络）
1713,4855,4863,,,,Cooking, Food & Wine（烹调，食品与酒类）
1713,4855,4864,,,,ELT（英语学习）
1713,4855,4865,,,,Entertainment（休闲娱乐）
1713,4855,4866,,,,Health, Mind & Body（身心健康）
1713,4855,4867,,,,History（历史）
1713,4855,4868,,,,Home & Garden（家居与园艺）
1713,4855,4869,,,,Law（法律）
1713,4855,4870,,,,Literature & Fiction（文学与虚构类）
1713,4855,4871,,,,Medicine（医学）
1713,4855,4872,,,,Mystery & Thrillers（神秘与惊悚）
1713,4855,4873,,,,Nonfiction（非虚构类）
1713,4855,4875,,,,Parenting & Families（养育与家庭）
1713,4855,4876,,,,Professional & Technical（专业与技术类）
1713,4855,4877,,,,Reference（参考书）
1713,4855,4883,,,,Standard Test（标准考试）
1713,4855,4878,,,,Religion & Spirituality（宗教与精神生活）
1713,4855,4879,,,,Romance（浪漫小说）
1713,4855,4880,,,,Science Fiction & Fantasy（科幻文学与玄幻）
1713,4855,4881,,,,Science（科学）
1713,4855,4882,,,,Self-Help（励志自助）
1713,4855,4884,,,,Sports & Outdoors(运动/户外)
1713,4855,4885,,,,Teens（青少年读物）
1713,4855,4886,,,,Travel（旅游）
1713,4855,4860,,,,China Interest（中国主题）
1713,4855,4887,,,,Audio Books（有声读物）
1713,4855,13644,,,,小语种
1713,6929,6930,,,,藝術/設計
1713,6929,9379,,,,收藏/鑒賞
1713,6929,6931,,,,繪畫/書法
1713,6929,6932,,,,動漫/繪本
1713,6929,6933,,,,攝影
1713,6929,6934,,,,旅遊/人文
1713,6929,6945,,,,國學
1713,6929,6957,,,,文化/學術
1713,6929,6948,,,,文學
1713,6929,6944,,,,小說
1713,6929,6954,,,,經濟管理
1713,6929,9380,,,,金融投資
1713,6929,6958,,,,勵志成功
1713,6929,9381,,,,少兒
1713,6929,6942,,,,家庭育兒
1713,6929,6941,,,,婚戀兩性
1713,6929,6939,,,,生活DIY
1713,6929,6940,,,,美食與酒
1713,6929,6935,,,,居家生活
1713,6929,6936,,,,裝飾裝修
1713,6929,6937,,,,娛樂時尚
1713,6929,6938,,,,美容瘦身
1713,6929,6943,,,,體育/健身/保健
1713,6929,6955,,,,自然科學
1713,6929,6956,,,,工業/建築/計算機
1713,6929,9382,,,,醫學
1713,6929,6959,,,,其他圖書
1713,3296,6638,,,,套装书
1713,11745,11746,,,,文房四宝
1713,11745,11747,,,,笔类/书写工具
1713,11745,11748,,,,纸品/印刷制品
1713,11745,11749,,,,金石篆刻
1713,11745,11750,,,,教学/展示用品
1713,11745,11751,,,,字画
1713,11745,11752,,,,画具/画材/雕塑
1713,11745,11753,,,,文体/棋牌
1713,11745,11754,,,,动漫周边
1713,11745,11755,,,,游戏/模型
1713,11745,11756,,,,电教/儿童教育
1713,11745,11757,,,,票/币/卡/章
1713,11745,11758,,,,文玩/工艺品
1713,11745,11759,,,,其他文化用品
5272,5276,9252,,,,小说
5272,5276,9253,,,,文学
5272,5276,9254,,,,法律
5272,5276,12430,,,,文艺
5272,5276,12431,,,,励志
5272,5276,12432,,,,经管
5272,5276,12433,,,,传记 
5272,5276,9257,,,,居家生活
5272,5276,12434,,,,旅游
5272,5276,12435,,,,历史
5272,5276,12436,,,,社科
5272,5276,9255,,,,国学古籍
5272,5276,9258,,,,宗教/哲学
5272,5276,5339,,,,其他
5272,5278,10838,,,,言情小说
5272,5278,5348,,,,悬疑/推理
5272,5278,5341,,,,中国现当代小说
5272,5278,5350,,,,魔幻玄幻
5272,5278,5360,,,,官场小说
5272,5278,5351,,,,武侠小说
5272,5278,5361,,,,历史小说
5272,5278,5347,,,,外国小说
5272,5278,5353,,,,情感/家庭
5272,5278,5349,,,,惊悚/恐怖
5272,5278,5343,,,,中国古典/名著
5272,5278,5364,,,,世界名著
5272,5278,6654,,,,科幻小说
5272,5278,5352,,,,军事谍战
5272,5278,5358,,,,职场商战
5272,5278,5363,,,,作品集
5272,5278,12437,,,,影视小说
5272,12438,12439,,,,会计/审计
5272,12438,12440,,,,经济学理论
5272,12438,12441,,,,大众经济学
5272,12438,12442,,,,各国经济概况
5272,12438,12443,,,,财政税收
5272,12438,12444,,,,行业经济
5272,12438,12445,,,,贸易经济
5272,12438,12446,,,,金融理论
5272,10846,10847,,,,市场营销
5272,10846,10848,,,,管理学
5272,10846,10858,,,,人力资源管理
5272,10846,10864,,,,企业与企业家
5272,10846,10861,,,,财务管理
5272,10846,10857,,,,领导学
5272,10846,10859,,,,生产与运作管理 
5272,10846,10862,,,,战略管理
5272,10846,10860,,,,供应链管理
5272,10846,10863,,,,商务实务
5272,5279,5374,,,,散文/随笔
5272,5279,5377,,,,外国文学
5272,5279,5371,,,,纪实文学
5272,5279,5368,,,,名家作品
5272,5279,10841,,,,诗词歌赋
5272,5279,5365,,,,文学理论
5272,5279,5372,,,,民间文学
5272,5279,5366,,,,文学评论与研究 
5272,5279,10842,,,,幽默笑话
5272,5279,6655,,,,戏剧曲艺 
5272,5301,10904,,,,心理学
5272,5301,10905,,,,宗教
5272,5301,10906,,,,哲学
5272,5301,10907,,,,文化
5272,5301,10908,,,,政治
5272,5301,10909,,,,军事
5272,5301,10910,,,,法律
5272,5301,10911,,,,国学
5272,5301,5719,,,,社会学
5272,5301,10912,,,,教育
5272,5301,10913,,,,语言文字
5272,5301,10914,,,,其他
5272,5307,5833,,,,编程语言与程序设计
5272,5307,5834,,,,软件工程及软件方法学
5272,5307,5836,,,,操作系统
5272,5307,5835,,,,数据库
5272,5307,5839,,,,网络与通信
5272,5307,5841,,,,图形图像/视频
5272,5307,5856,,,,单片机与嵌入式
5272,5307,5843,,,,辅助设计与工程计算
5272,5307,5850,,,,办公软件
5272,5307,5849,,,,计算机理论/基础知识
5272,5307,5837,,,,计算机安全
5272,5307,5847,,,,硬件与维护
5272,5307,6676,,,,数码产品攻略
5272,5307,10845,,,,其他
5272,5287,5507,,,,成功学
5272,5287,5503,,,,女性励志
5272,5287,5499,,,,为人处世
5272,5287,5505,,,,名人励志
5272,5287,5497,,,,个人修养
5272,5287,5498,,,,人在职场
5272,5287,5510,,,,演讲与口才
5272,5287,5506,,,,心灵鸡汤
5272,5287,5514,,,,青少年励志
5272,5287,5500,,,,创业必修
5272,5287,5516,,,,情商EQ
5272,5287,5516,,,,财商FQ
5272,5287,6657,,,,智商IQ
5272,5287,5508,,,,文明礼仪
5272,5287,10844,,,,名言格言
5272,5285,5471,,,,股票
5272,5285,5473,,,,理财
5272,5285,5469,,,,投资
5272,5285,5470,,,,期货
5272,5285,5468,,,,基金
5272,5285,5464,,,,保险
5272,5285,10865,,,,学习/参考
5272,5281,5394,,,,政治人物
5272,5281,5395,,,,财经人物
5272,5281,10897,,,,文体明星
5272,5281,5393,,,,军事人物
5272,5281,5392,,,,领袖首脑
5272,5281,5397,,,,女性人物
5272,5281,5405,,,,社会百相
5272,5281,5391,,,,历代帝王
5272,5281,5403,,,,文学家
5272,5281,6656,,,,人物合集
5272,5281,10895,,,,思想家
5272,5281,5400,,,,科学家
5272,5281,5402,,,,艺术家
5272,5281,10896,,,,史学家
5272,5293,5593,,,,通俗说史
5272,5293,5581,,,,各国历史
5272,5293,10903,,,,中国通史
5272,5293,10901,,,,宋元明清
5272,5293,10898,,,,先秦/秦汉
5272,5293,10902,,,,民国
5272,5293,10899,,,,魏晋南北朝/五代十国
5272,5293,5579,,,,史学理论
5272,5293,5586,,,,文物考古
5272,5293,10900,,,,隋唐
5272,10884,12447,,,,性知识
5272,10884,10887,,,,两性关系
5272,10884,10885,,,,恋爱
5272,10884,10886,,,,婚姻
5272,5302,5729,,,,电子与通信
5272,5302,6817,,,,电工电气
5272,5302,5728,,,,交通运输
5272,5302,6818,,,,机械/仪表工业
5272,5302,10915,,,,农林/畜牧/养殖
5272,5302,5746,,,,金属学与金属工艺
5272,5302,5745,,,,轻工业/手工业
5272,5302,5736,,,,化学工业
5272,5302,10916,,,,建筑
5272,5302,10917,,,,其他
5272,5305,5791,,,,中医
5272,5305,5795,,,,内科
5272,5305,5796,,,,外科
5272,5305,5798,,,,儿科
5272,5305,5797,,,,妇产科
5272,5305,5794,,,,护理学
5272,5305,5793,,,,临床医学
5272,5305,5792,,,,基础医学
5272,5305,5807,,,,药学
5272,5305,10920,,,,医学杂谈
5272,5311,5950,,,,英语读物
5272,5311,5956,,,,英语专项训练
5272,5311,10936,,,,英语等级考试
5272,5311,10937,,,,留学英语
5272,5311,10938,,,,大学/研究生英语
5272,5311,6720,,,,成教/自考英语
5272,5311,10939,,,,行业英语/生活英语
5272,5311,5936,,,,中小学英语
5272,5311,5938,,,,少儿英语
5272,5311,5944,,,,日语
5272,5311,5954,,,,韩语
5272,5311,10940,,,,学习/参考
5272,6828,12794,,,,俄文社科
5272,6828,12795,,,,俄文文学
5272,6828,12796,,,,俄文艺术
5272,6828,12796,,,,俄文品汇
5272,6828,12796,,,,公版外文书
5272,13083,13084,,,,人文社科
5272,13083,13085,,,,志成功
5272,13083,13086,,,,文
5272,13083,13087,,,,小
5272,13083,13088,,,,金融投
5272,13083,13089,,,,管理
5272,13083,13090,,,,美容瘦身
5272,13083,13091,,,,美食酒
5272,13083,13092,,,,其他
5272,13083,13093,,,,少
5272,13083,13094,,,,漫/本
5272,13083,13095,,,,/
5272,13083,13096,,,,工/建/算
5272,13083,13097,,,,生活/育
5272,13083,13098,,,,性/保健
5272,13083,13099,,,,
5272,13083,13100,,,,外
5272,10866,10868,,,,生活DIY
5272,10866,10872,,,,家装家饰
5272,10866,10871,,,,居家生活指南
5272,10866,10869,,,,家庭园艺
5272,10866,10873,,,,宠物
5272,10866,10870,,,,爱车一族
5272,10866,10874,,,,居家安全与常识
5272,12448,12449,,,,家常食谱
5272,12448,12450,,,,地方美食
5272,12448,12451,,,,烘焙
5272,12448,12452,,,,西餐/日韩料理
5272,12448,12453,,,,饮食文化
5272,12448,12454,,,,酒茶饮品
5272,12448,12455,,,,烹饪技术与工艺
5272,5306,5817,,,,数学
5272,5306,5818,,,,力学
5272,5306,5819,,,,物理学
5272,5306,5820,,,,化学
5272,5306,10918,,,,天文学/地球科学
5272,5306,5828,,,,地理学
5272,5306,5829,,,,生物科学
5272,5306,5830,,,,环境科学
5272,5306,10919,,,,其他
5272,5289,5542,,,,运动健身
5272,5289,5533,,,,养生
5272,5289,5536,,,,家庭保健
5272,5289,5531,,,,性保健
5272,5289,5537,,,,常见病预防与治疗
5272,5289,5530,,,,上班族保健
5272,10921,10930,,,,大学教材教辅
5272,10921,10934,,,,中小学教辅
5272,10921,10931,,,,中职/高职教材教辅
5272,10921,10933,,,,职业技术培训教材
5272,10921,10929,,,,会计类考试
5272,10921,10927,,,,建筑类考试
5272,10921,10935,,,,学习/参考
5272,10921,10924,,,,考研
5272,10921,10926,,,,计算机考试
5272,10921,10925,,,,公务员考试
5272,10921,10932,,,,成人教育教材
5272,10921,10922,,,,英语等级考试
5272,10921,10928,,,,法律类考试
5272,10921,10923,,,,留学英语
5272,5283,5433,,,,儿童文学
5272,5283,5430,,,,动漫/绘本/图画书
5272,5283,5438,,,,科普/百科
5272,5283,5439,,,,励志/成长
5272,5283,5434,,,,幼儿启蒙
5272,5283,5440,,,,少儿英语
5272,5283,5431,,,,传统文化
5272,5283,5437,,,,智力开发
5272,5283,10891,,,,艺术培养
5272,5283,5435,,,,手工/游戏
5272,5290,5549,,,,胎教早教
5272,5290,12456,,,,亲子互动
5272,5290,6663,,,,母婴养护
5272,5290,5547,,,,孕产知识
5272,12458,12459,,,,学前教育
5272,12458,12460,,,,青春期教育
5272,12458,12461,,,,家教理论与方法
5272,5282,5414,,,,绘画/动画/雕塑
5272,5282,5416,,,,摄影
5272,5282,5418,,,,设计
5272,5282,5413,,,,鉴赏收藏
5272,5282,5415,,,,书法与篆刻
5272,5282,5422,,,,音乐/舞蹈
5272,5282,5419,,,,影视
5272,5282,10892,,,,艺术杂谈
5272,5282,5424,,,,戏剧/舞台艺术
5272,5291,5566,,,,随笔/摄影
5272,5291,5557,,,,国内游
5272,5291,5558,,,,国外游
5272,5291,5568,,,,自助游
5272,5291,5564,,,,旅游理论与实务
5272,5291,10894,,,,地图
5272,5291,5560,,,,户外探险
5272,5292,5570,,,,大陆漫画
5272,5292,5572,,,,日韩漫画
5272,5292,5571,,,,港台漫画
5272,5292,5573,,,,欧美漫画
5272,5292,12462,,,,爆笑漫画
5272,5292,12463,,,,战斗冒险
5272,5292,10893,,,,绘画技法
5272,10875,10881,,,,风水/星座/运程
5272,10875,10878,,,,服饰搭配
5272,10875,12464,,,,时尚与奢侈品
5272,10875,12465,,,,娱乐生活
5272,10875,10882,,,,魔术/益智游戏
5272,12466,12467,,,,美容护肤
5272,12466,12468,,,,减肥瘦身
5272,12466,12469,,,,瑜伽/美体
5272,12466,12470,,,,彩妆/美发/美甲
5272,10941,10942,,,,言情
5272,10941,10948,,,,历史穿越
5272,10941,10944,,,,玄幻奇幻
5272,10941,10943,,,,都市生活
5272,10941,10946,,,,悬疑灵异
5272,10941,10945,,,,武侠仙侠
5272,10941,10947,,,,同人/漫画
5272,10941,10949,,,,军事谍战
5272,10941,10952,,,,原创品汇
5272,10941,10951,,,,游戏竞技
5272,10941,10950,,,,星际科幻
5272,10941,12457,,,,女性
5272,10953,10954,,,,生活/家庭
5272,10953,10956,,,,经管理财
5272,10953,10957,,,,社科
5272,10953,10955,,,,娱乐/时尚
5272,10953,10958,,,,文学艺术
5272,10953,10959,,,,文摘
5272,10953,10960,,,,科技
5272,10953,10961,,,,学习参考
5272,10962,10963,,,,儿童
5272,10962,10964,,,,电子试卷
5272,10962,10965,,,,其他
